step,energy_eV,temperature_K
0,-815.31335449,0.6265
1,-815.31207275,1.1491
2,-815.31030273,1.5243
3,-815.30865479,2.0063
4,-815.30603027,2.3496
5,-815.30206299,2.6724
6,-815.29718018,3.2468
7,-815.29211426,3.4715
8,-815.28808594,3.8194
9,-815.28320312,4.2341
10,-815.27642822,4.0171
11,-815.27105713,4.4565
12,-815.26751709,4.7715
13,-815.26568604,5.1328
14,-815.26354980,5.8355
15,-815.25915527,6.1917
16,-815.25286865,6.3300
17,-815.24951172,6.7269
18,-815.25042725,6.9983
19,-815.24926758,7.4419
20,-815.24371338,7.5798
21,-815.23333740,7.9483
22,-815.22369385,7.9507
23,-815.22027588,8.5396
24,-815.21691895,8.7756
25,-815.20947266,8.8040
26,-815.20043945,9.0623
27,-815.19390869,9.3628
28,-815.19207764,9.8583
29,-815.19348145,10.6220
30,-815.19451904,11.2011
31,-815.19445801,11.5286
32,-815.19317627,12.0382
33,-815.19293213,12.5336
34,-815.19525146,13.4336
35,-815.19409180,14.0905
36,-815.18737793,14.3346
37,-815.17730713,14.2160
38,-815.16925049,14.4291
39,-815.16302490,14.0385
40,-815.15783691,14.1859
41,-815.15264893,14.6445
42,-815.14562988,15.1117
43,-815.13702393,14.8808
44,-815.13458252,15.7036
45,-815.13708496,16.5567
46,-815.13909912,17.1726
47,-815.13793945,17.5905
48,-815.13287354,18.0188
49,-815.12591553,18.6092
50,-815.12084961,18.1640
51,-815.11846924,18.7680
52,-815.11090088,18.5648
53,-815.09600830,18.1352
54,-815.07916260,17.7270
55,-815.07031250,17.4707
56,-815.07080078,18.1152
57,-815.07128906,18.4829
58,-815.06744385,18.8117
59,-815.05871582,19.0253
60,-815.05474854,19.0673
61,-815.05718994,20.5718
62,-815.05615234,21.0942
63,-815.04785156,21.1544
64,-815.03808594,21.8857
65,-815.03356934,22.0191
66,-815.03552246,23.0982
67,-815.03436279,23.3121
68,-815.02801514,23.4957
69,-815.01947021,23.4845
70,-815.01971436,23.9758
71,-815.02355957,24.3375
72,-815.01965332,24.6783
73,-815.00567627,24.6393
74,-814.99517822,24.6662
75,-814.99084473,24.9274
76,-814.98944092,25.1286
77,-814.98364258,25.0998
78,-814.97143555,24.8553
79,-814.96502686,24.5770
80,-814.96783447,25.6701
81,-814.97192383,26.5998
82,-814.97198486,26.5516
83,-814.97003174,25.8994
84,-814.96551514,26.2824
85,-814.96020508,26.2848
86,-814.95727539,26.8980
87,-814.95697021,27.6153
88,-814.95056152,27.9521
89,-814.93621826,27.5802
90,-814.92425537,27.4266
91,-814.92614746,27.4061
92,-814.93780518,28.0162
93,-814.94354248,28.1865
94,-814.93792725,28.4120
95,-814.92950439,29.3417
96,-814.92736816,30.0494
97,-814.92950439,30.3502
98,-814.93371582,30.4239
99,-814.93084717,31.3422
100,-814.91491699,30.7187
101,-814.89660645,29.7475
102,-814.88763428,30.0452
103,-814.88671875,30.3561
104,-814.88317871,31.2472
105,-814.87139893,31.1703
106,-814.85595703,30.7316
107,-814.84570312,29.9619
108,-814.84661865,30.7181
109,-814.85302734,32.2036
110,-814.85485840,33.0254
111,-814.84613037,33.3372
112,-814.84100342,33.4936
113,-814.84503174,33.6965
114,-814.85455322,35.4227
115,-814.85845947,36.1577
116,-814.85095215,36.6312
117,-814.83538818,35.8075
118,-814.82421875,37.0462
119,-814.82788086,36.7904
120,-814.83599854,37.8921
121,-814.82678223,37.8134
122,-814.80102539,36.6053
123,-814.78167725,35.0710
124,-814.78881836,35.9905
125,-814.80322266,37.5143
126,-814.79699707,37.4083
127,-814.77374268,37.4386
128,-814.75946045,37.2583
129,-814.76855469,38.9400
130,-814.78985596,40.5893
131,-814.79583740,41.9506
132,-814.77349854,41.5492
133,-814.74774170,42.2783
134,-814.73822021,42.2069
135,-814.73632812,42.9793
136,-814.72235107,42.4340
137,-814.69213867,40.8954
138,-814.66223145,40.2843
139,-814.64813232,39.7574
140,-814.65222168,39.5049
141,-814.66320801,40.7394
142,-814.67303467,41.0065
143,-814.68048096,41.7904
144,-814.69140625,43.3964
145,-814.70239258,44.3991
146,-814.70526123,45.0600
147,-814.69488525,45.2681
148,-814.67572021,44.1190
149,-814.66137695,43.8036
150,-814.65502930,43.8602
151,-814.64318848,42.7588
152,-814.62536621,42.2960
153,-814.61517334,42.3087
154,-814.62640381,42.5385
155,-814.65612793,44.5053
156,-814.67675781,46.3420
157,-814.67675781,47.2148
158,-814.67108154,47.2922
159,-814.67315674,47.8327
160,-814.66888428,47.3928
161,-814.65393066,47.3899
162,-814.63226318,46.3185
163,-814.60803223,45.0399
164,-814.59643555,44.1239
165,-814.59979248,45.2443
166,-814.60717773,45.4171
167,-814.62158203,47.2657
168,-814.63922119,49.5685
169,-814.64654541,51.0432
170,-814.64599609,52.8582
171,-814.64270020,53.7130
172,-814.64263916,53.5180
173,-814.63946533,53.2870
174,-814.61566162,52.2931
175,-814.56213379,50.3510
176,-814.51037598,47.4059
177,-814.50244141,47.4325
178,-814.52716064,49.1139
179,-814.54443359,50.6014
180,-814.52624512,49.8254
181,-814.50781250,49.8641
182,-814.52838135,52.1345
183,-814.58367920,55.5915
184,-814.61639404,58.4586
185,-814.58990479,57.7918
186,-814.53387451,54.7647
187,-814.51153564,54.2575
188,-814.53179932,56.3846
189,-814.55554199,58.0815
190,-814.52758789,56.5302
191,-814.46588135,52.6811
192,-814.42321777,50.4924
193,-814.42840576,52.0734
194,-814.45391846,53.4291
195,-814.45727539,53.2912
196,-814.43383789,52.2667
197,-814.40051270,49.9745
198,-814.39123535,50.7703
199,-814.41741943,53.7205
200,-814.45532227,57.6873
201,-814.46856689,59.2795
202,-814.45440674,58.5818
203,-814.43695068,57.8562
204,-814.44256592,59.9164
205,-814.46606445,62.8008
206,-814.48406982,64.2052
207,-814.46893311,64.2437
208,-814.41619873,62.0219
209,-814.35778809,59.1396
210,-814.34094238,59.3433
211,-814.35949707,60.2472
212,-814.36187744,60.7912
213,-814.31665039,59.8546
214,-814.25543213,56.2329
215,-814.24005127,54.1461
216,-814.29370117,58.3825
217,-814.36065674,62.6626
218,-814.36877441,64.6113
219,-814.32745361,62.2153
220,-814.30944824,61.7706
221,-814.34655762,63.8870
222,-814.39080811,67.0930
223,-814.39434814,66.6141
224,-814.34338379,64.8108
225,-814.28369141,61.6896
226,-814.26232910,61.5186
227,-814.28515625,62.4816
228,-814.29614258,63.3818
229,-814.26269531,62.3429
230,-814.21948242,60.5362
231,-814.21527100,60.8404
232,-814.24938965,62.8995
233,-814.29296875,65.8511
234,-814.32489014,68.9126
235,-814.34173584,71.8775
236,-814.34979248,71.9301
237,-814.36016846,73.6101
238,-814.37457275,74.6807
239,-814.37921143,76.7320
240,-814.36773682,76.8197
241,-814.33453369,74.6256
242,-814.29968262,73.1381
243,-814.28112793,73.0354
244,-814.28002930,72.9066
245,-814.28637695,74.3121
246,-814.27795410,72.7100
247,-814.24810791,71.6234
248,-814.22839355,70.9682
249,-814.23809814,71.8996
250,-814.25750732,73.1881
251,-814.24609375,73.4403
252,-814.19952393,70.4353
253,-814.15039062,68.5286
254,-814.13391113,68.6201
255,-814.15106201,68.6790
256,-814.16845703,71.2999
257,-814.15728760,73.2229
258,-814.12316895,70.1886
259,-814.10900879,70.7265
260,-814.11315918,71.8887
261,-814.11767578,73.0531
262,-814.10131836,70.9174
263,-814.06329346,70.7497
264,-814.02191162,67.9861
265,-814.00457764,67.1447
266,-814.01904297,68.2774
267,-814.03820801,70.7005
268,-814.03527832,71.7279
269,-814.01910400,70.6882
270,-814.02191162,71.2736
271,-814.05743408,74.2307
272,-814.09588623,76.8602
273,-814.10101318,76.1788
274,-814.07318115,75.9033
275,-814.05474854,74.8903
276,-814.05419922,74.7808
277,-814.05487061,75.9010
278,-814.04364014,76.2632
279,-814.02899170,76.7033
280,-814.01885986,76.5718
281,-814.03381348,77.5836
282,-814.07525635,80.2235
283,-814.11187744,82.7278
284,-814.11596680,82.6767
285,-814.10693359,83.1814
286,-814.11315918,84.1416
287,-814.10833740,84.5857
288,-814.06604004,83.1037
289,-814.01312256,80.8964
290,-813.98077393,79.6967
291,-813.97717285,79.8638
292,-813.98388672,80.8176
293,-813.96978760,80.6813
294,-813.94067383,79.9435
295,-813.93798828,79.8279
296,-813.99005127,83.0904
297,-814.05163574,86.5948
298,-814.06378174,87.4421
299,-814.03906250,87.0783
300,-814.03552246,87.9510
301,-814.07641602,90.5791
302,-814.11560059,93.7774
303,-814.09234619,93.2703
304,-814.02282715,91.2542
305,-813.97174072,87.8360
306,-813.96069336,87.8621
307,-813.96929932,90.3123
308,-813.95263672,89.3920
309,-813.90979004,87.3715
310,-813.87384033,85.4323
311,-813.87719727,84.9822
312,-813.90509033,85.9020
313,-813.91467285,86.6735
314,-813.90917969,85.9103
315,-813.91912842,86.0620
316,-813.95452881,88.9964
317,-813.98931885,91.9088
318,-814.00659180,92.6266
319,-814.00830078,93.3924
320,-814.01147461,94.5074
321,-814.02233887,95.1453
322,-814.02148438,96.6985
323,-814.00372314,95.6314
324,-813.98583984,94.6089
325,-813.98217773,94.2980
326,-813.97973633,94.5139
327,-813.95092773,92.2246
328,-813.90283203,89.3671
329,-813.88580322,89.4679
330,-813.91595459,91.1032
331,-813.95410156,93.8363
332,-813.95202637,94.6175
333,-813.91497803,93.2385
334,-813.89953613,92.0827
335,-813.93371582,95.4387
336,-813.95819092,97.8364
337,-813.91607666,95.7339
338,-813.82629395,92.1903
339,-813.76013184,89.1641
340,-813.76031494,90.4655
341,-813.79058838,91.1777
342,-813.78399658,92.6594
343,-813.72692871,90.2042
344,-813.69757080,88.8835
345,-813.75372314,92.8745
346,-813.85345459,99.7737
347,-813.89916992,101.7674
348,-813.88580322,101.0840
349,-813.88781738,101.4046
350,-813.94238281,105.0019
351,-814.00854492,108.7681
352,-814.00915527,108.7091
353,-813.92370605,104.8204
354,-813.82592773,99.1762
355,-813.80151367,97.9812
356,-813.83117676,99.5702
357,-813.83514404,102.0811
358,-813.77447510,98.4187
359,-813.71166992,94.6682
360,-813.71234131,97.1535
361,-813.76013184,99.9971
362,-813.77691650,102.6574
363,-813.72894287,99.9326
364,-813.65985107,96.7368
365,-813.63488770,95.3200
366,-813.65087891,96.5382
367,-813.65063477,96.9711
368,-813.61553955,94.4614
369,-813.58013916,93.3116
370,-813.58416748,94.5793
371,-813.61511230,98.2248
372,-813.63439941,98.7910
373,-813.63781738,99.3834
374,-813.66583252,102.5551
375,-813.71026611,105.1284
376,-813.74664307,106.7553
377,-813.77288818,108.9966
378,-813.81652832,110.3718
379,-813.86322021,113.3338
380,-813.88751221,115.4837
381,-813.88336182,115.7710
382,-813.87292480,115.8798
383,-813.87872314,114.8370
384,-813.88836670,115.6515
385,-813.86199951,116.0279
386,-813.78619385,110.8915
387,-813.71374512,105.2467
388,-813.70770264,104.9247
389,-813.75677490,108.9317
390,-813.76715088,110.2285
391,-813.69561768,105.8839
392,-813.60516357,101.0955
393,-813.58917236,100.1406
394,-813.64141846,104.1991
395,-813.66986084,105.4449
396,-813.60705566,102.3621
397,-813.49865723,96.3957
398,-813.43566895,93.4164
399,-813.47528076,96.0096
400,-813.54406738,100.7889
401,-813.54766846,102.5283
402,-813.48742676,99.4454
403,-813.43908691,96.4142
404,-813.47143555,98.3653
405,-813.56036377,102.8556
406,-813.62310791,107.6357
407,-813.61108398,107.5411
408,-813.57843018,105.2458
409,-813.59588623,106.2564
410,-813.66192627,109.5097
411,-813.72021484,113.0131
412,-813.71051025,113.8101
413,-813.65039062,110.2116
414,-813.59918213,107.6091
415,-813.59014893,106.3789
416,-813.61364746,107.8575
417,-813.61541748,108.8207
418,-813.57281494,106.1421
419,-813.51898193,102.3743
420,-813.49749756,101.0379
421,-813.51708984,104.4227
422,-813.53485107,106.2192
423,-813.51867676,105.5545
424,-813.48767090,104.5533
425,-813.46020508,102.1622
426,-813.45037842,102.1143
427,-813.45928955,102.6518
428,-813.46850586,103.9754
429,-813.45007324,103.2378
430,-813.41064453,101.0923
431,-813.38336182,99.5694
432,-813.38580322,99.8584
433,-813.40527344,100.3563
434,-813.42132568,101.9445
435,-813.42230225,104.0853
436,-813.40527344,104.6119
437,-813.38659668,103.6031
438,-813.40399170,106.7417
439,-813.43951416,108.4240
440,-813.45916748,109.9326
441,-813.44555664,109.4036
442,-813.41253662,107.9132
443,-813.39965820,107.7076
444,-813.41162109,107.8693
445,-813.43115234,108.5275
446,-813.44488525,110.2168
447,-813.42602539,110.2961
448,-813.40014648,108.5860
449,-813.41998291,110.8189
450,-813.47473145,114.7696
451,-813.50482178,117.9269
452,-813.47534180,115.7643
453,-813.42529297,110.9270
454,-813.41088867,109.7111
455,-813.44085693,110.7851
456,-813.48944092,115.1622
457,-813.51702881,115.8216
458,-813.50347900,116.9597
459,-813.48510742,117.0755
460,-813.50964355,119.7922
461,-813.56500244,123.0145
462,-813.58862305,123.5982
463,-813.55731201,122.7015
464,-813.49871826,118.3290
465,-813.46173096,115.9059
466,-813.45898438,117.5131
467,-813.47827148,119.9251
468,-813.47753906,119.8627
469,-813.42272949,117.8214
470,-813.36651611,114.3215
471,-813.38812256,115.2196
472,-813.47064209,119.9801
473,-813.53009033,123.8481
474,-813.52215576,125.5828
475,-813.49816895,124.0462
476,-813.50976562,125.6619
477,-813.56140137,128.5675
478,-813.60565186,131.0540
479,-813.58209229,131.6451
480,-813.48449707,126.8203
481,-813.39166260,122.1729
482,-813.36810303,120.6731
483,-813.38769531,121.5344
484,-813.37475586,120.4000
485,-813.31427002,117.7225
486,-813.25964355,115.3360
487,-813.24920654,116.1230
488,-813.28924561,118.8075
489,-813.35015869,121.6480
490,-813.38873291,123.6354
491,-813.38427734,122.8259
492,-813.35504150,121.1873
493,-813.34600830,120.4520
494,-813.36053467,120.5207
495,-813.36145020,120.2133
496,-813.31304932,116.3554
497,-813.24737549,112.8461
498,-813.20678711,111.9605
499,-813.22100830,111.5198
500,-813.28662109,115.9057
501,-813.33984375,118.7793
502,-813.33166504,119.5415
503,-813.29730225,118.1736
504,-813.31994629,121.3443
505,-813.40484619,127.1450
506,-813.45861816,130.0579
507,-813.43908691,128.4421
508,-813.37976074,125.4127
509,-813.35266113,125.7863
510,-813.39190674,128.8585
511,-813.43255615,131.9209
512,-813.38287354,130.2310
513,-813.27014160,123.7094
514,-813.19311523,119.1883
515,-813.19927979,119.7520
516,-813.23590088,121.2383
517,-813.23706055,121.8676
518,-813.18444824,119.9392
519,-813.14282227,118.1735
520,-813.18408203,121.5477
521,-813.27307129,126.7850
522,-813.30627441,130.5494
523,-813.25689697,128.6000
524,-813.21618652,125.8569
525,-813.22692871,126.5580
526,-813.27056885,128.7282
527,-813.29113770,130.2841
528,-813.26171875,129.4741
529,-813.21453857,128.6259
530,-813.20776367,127.7204
531,-813.23571777,128.8759
532,-813.25177002,130.4674
533,-813.23822021,129.6584
534,-813.22198486,128.7099
535,-813.20983887,129.7727
536,-813.18072510,128.7517
537,-813.14495850,127.3142
538,-813.13214111,125.5205
539,-813.15844727,126.5112
540,-813.19714355,128.8650
541,-813.18682861,128.3541
542,-813.14227295,127.1316
543,-813.16198730,128.0856
544,-813.25695801,132.5039
545,-813.32934570,136.0878
546,-813.31085205,135.8410
547,-813.23254395,133.0929
548,-813.18676758,132.1815
549,-813.22839355,132.7499
550,-813.29760742,134.2834
551,-813.27728271,132.4515
552,-813.17492676,128.5421
553,-813.12872314,127.3060
554,-813.20587158,132.0225
555,-813.31097412,139.0089
556,-813.32757568,141.6855
557,-813.24981689,139.0387
558,-813.17437744,134.7116
559,-813.19409180,135.3389
560,-813.27185059,139.7158
561,-813.28253174,140.7548
562,-813.17138672,136.4894
563,-813.05242920,129.3546
564,-813.04461670,127.8214
565,-813.10272217,131.1935
566,-813.11236572,132.5652
567,-813.05999756,130.7649
568,-813.02746582,130.0691
569,-813.06585693,132.1040
570,-813.14843750,138.2944
571,-813.19018555,142.2307
572,-813.15515137,140.5046
573,-813.12585449,139.4096
574,-813.13793945,139.5966
575,-813.14270020,139.8524
576,-813.10522461,135.9976
577,-813.05603027,133.5588
578,-813.05511475,131.7045
579,-813.10906982,135.6805
580,-813.15325928,138.7646
581,-813.13580322,138.1207
582,-813.07836914,136.1696
583,-813.07873535,136.5794
584,-813.15673828,142.6459
585,-813.20245361,145.4888
586,-813.13385010,142.8895
587,-813.04431152,137.0458
588,-813.06311035,138.3786
589,-813.17742920,145.6717
590,-813.26397705,149.3464
591,-813.24407959,148.8139
592,-813.19525146,146.2820
593,-813.20574951,147.7884
594,-813.28826904,153.3935
595,-813.33648682,155.5660
596,-813.26507568,150.2164
597,-813.12072754,142.5823
598,-813.03308105,137.6367
599,-813.04534912,137.9362
600,-813.07312012,139.0733
601,-813.03741455,137.0173
602,-812.98846436,135.6232
603,-813.01806641,136.5196
604,-813.11254883,143.4905
605,-813.17504883,146.9887
606,-813.16992188,147.2483
607,-813.13684082,146.2480
608,-813.10809326,143.5859
609,-813.08984375,142.9954
610,-813.05047607,140.6273
611,-812.98822021,137.0895
612,-812.93182373,133.5485
613,-812.91967773,133.3022
614,-812.94201660,135.0000
615,-812.94067383,134.4439
616,-812.91027832,132.3698
617,-812.93981934,135.6372
618,-813.02380371,140.0311
619,-813.05316162,141.3631
620,-813.00677490,138.2263
621,-812.96588135,137.2326
622,-812.97863770,138.5258
623,-813.01922607,140.3981
624,-813.03662109,141.9985
625,-812.99023438,141.9001
626,-812.91162109,136.2801
627,-812.90167236,137.2769
628,-812.97930908,142.8006
629,-813.04089355,145.8532
630,-812.99981689,145.2833
631,-812.91754150,141.7674
632,-812.90026855,142.3351
633,-812.95092773,145.2491
634,-812.97131348,146.7261
635,-812.92285156,145.0902
636,-812.86767578,140.7725
637,-812.87036133,140.1490
638,-812.91760254,143.1078
639,-812.94329834,145.1940
640,-812.93402100,145.9325
641,-812.92010498,145.7269
642,-812.93200684,146.6416
643,-812.96820068,147.8250
644,-812.97967529,149.1726
645,-812.93762207,144.9798
646,-812.88714600,141.9498
647,-812.89465332,142.9037
648,-812.92803955,144.8078
649,-812.91796875,143.6427
650,-812.90039062,142.9089
651,-812.92706299,145.0198
652,-812.96417236,148.4921
653,-812.97857666,148.1616
654,-812.98297119,148.4478
655,-812.98468018,149.3978
656,-812.99871826,149.9135
657,-813.03887939,152.6939
658,-813.06872559,154.7064
659,-813.06127930,154.3736
660,-813.06072998,155.2546
661,-813.10589600,158.1141
662,-813.15173340,161.0067
663,-813.15386963,162.7272
664,-813.12261963,161.6947
665,-813.11059570,160.4782
666,-813.13085938,160.3832
667,-813.13458252,161.3803
668,-813.06506348,158.4928
669,-812.93591309,151.9864
670,-812.83526611,146.2546
671,-812.79815674,145.0771
672,-812.76971436,141.6907
673,-812.72375488,139.6778
674,-812.67468262,138.3562
675,-812.66467285,137.2863
676,-812.70623779,140.5169
677,-812.75238037,142.9377
678,-812.75854492,143.1870
679,-812.75018311,143.0720
680,-812.81414795,146.9998
681,-812.93096924,154.1077
682,-812.96447754,157.7327
683,-812.87847900,153.4100
684,-812.80151367,150.4131
685,-812.82928467,153.5968
686,-812.88415527,158.1947
687,-812.85522461,156.1184
688,-812.74884033,148.5745
689,-812.67114258,144.0096
690,-812.74481201,148.9425
691,-812.93304443,160.2587
692,-813.03869629,166.9757
693,-812.93365479,161.5041
694,-812.76007080,152.7461
695,-812.75689697,152.4983
696,-812.89532471,161.5435
697,-812.94494629,165.1951
698,-812.84008789,159.4095
699,-812.70288086,150.9986
700,-812.67669678,150.6555
701,-812.79516602,157.1451
702,-812.96563721,167.2359
703,-813.00213623,169.4856
704,-812.84710693,159.9441
705,-812.70690918,152.4894
706,-812.76434326,153.9509
707,-812.87335205,160.0495
708,-812.83648682,157.7328
709,-812.69421387,150.6263
710,-812.58361816,145.6937
711,-812.58355713,147.1787
712,-812.70874023,153.9407
713,-812.87036133,162.7444
714,-812.92053223,164.2967
715,-812.85748291,163.9959
716,-812.81488037,160.2622
717,-812.86914062,162.8232
718,-812.92370605,164.5997
719,-812.89447021,164.5317
720,-812.79620361,159.3201
721,-812.65344238,152.1033
722,-812.51818848,143.1092
723,-812.49688721,143.1686
724,-812.58526611,148.3201
725,-812.64117432,150.2785
726,-812.57226562,146.4276
727,-812.47692871,144.0302
728,-812.49188232,143.6954
729,-812.64880371,152.6999
730,-812.81658936,161.7783
731,-812.84197998,163.0837
732,-812.70324707,155.6679
733,-812.58886719,149.6414
734,-812.68164062,154.8121
735,-812.87176514,166.0635
736,-812.92724609,170.4614
737,-812.82513428,165.9079
738,-812.70916748,159.4893
739,-812.71893311,162.0851
740,-812.84484863,169.8703
741,-812.91790771,174.3738
742,-812.80584717,167.2484
743,-812.62158203,157.1235
744,-812.57525635,155.2257
745,-812.71057129,163.6253
746,-812.86480713,171.4271
747,-812.87756348,170.9441
748,-812.77026367,164.8368
749,-812.69512939,160.7287
750,-812.77398682,165.8268
751,-812.94140625,176.0435
752,-812.99365234,179.9162
753,-812.85284424,173.6765
754,-812.70776367,164.8899
755,-812.73223877,163.5226
756,-812.84631348,171.3891
757,-812.86663818,171.5799
758,-812.79223633,167.8112
759,-812.72192383,162.0485
760,-812.73425293,162.7256
761,-812.80822754,165.8545
762,-812.84539795,169.8661
763,-812.78320312,168.2663
764,-812.68170166,163.1305
765,-812.66351318,161.8120
766,-812.69757080,164.4482
767,-812.65753174,162.8666
768,-812.56579590,156.8453
769,-812.54742432,155.6406
770,-812.61999512,160.1309
771,-812.71014404,163.6006
772,-812.76507568,168.3326
773,-812.78900146,169.4252
774,-812.82293701,170.3101
775,-812.88977051,175.0325
776,-812.94726562,177.7323
777,-812.92468262,175.0960
778,-812.82794189,171.1226
779,-812.75421143,169.1386
780,-812.76831055,169.0394
781,-812.78179932,169.2874
782,-812.72454834,165.5594
783,-812.65594482,162.9157
784,-812.65911865,164.6508
785,-812.72778320,167.4305
786,-812.79608154,172.5750
787,-812.80389404,174.1558
788,-812.74365234,170.3752
789,-812.67871094,166.4802
790,-812.67547607,166.0723
791,-812.69866943,165.9066
792,-812.64483643,162.6083
793,-812.54217529,158.1451
794,-812.51025391,157.5078
795,-812.55761719,160.5775
796,-812.58874512,162.0548
797,-812.55218506,161.7068
798,-812.48437500,158.6112
799,-812.45349121,157.9763
800,-812.48553467,159.6988
801,-812.53198242,161.6007
802,-812.52429199,160.9902
803,-812.48797607,159.7201
804,-812.51263428,163.5670
805,-812.57781982,167.4419
806,-812.61004639,169.1583
807,-812.60693359,166.6993
808,-812.63336182,167.7144
809,-812.72918701,174.6568
810,-812.84136963,181.4199
811,-812.87634277,183.4744
812,-812.82281494,181.6940
813,-812.78741455,179.4210
814,-812.84448242,182.4804
815,-812.91278076,186.3160
816,-812.84613037,183.4712
817,-812.68237305,173.5526
818,-812.57238770,166.5674
819,-812.57989502,166.6418
820,-812.63159180,168.7634
821,-812.59698486,165.5782
822,-812.42163086,155.6110
823,-812.27148438,146.2223
824,-812.28662109,146.4086
825,-812.38262939,152.1308
826,-812.37554932,152.3684
827,-812.26928711,146.9227
828,-812.22393799,147.1043
829,-812.32360840,153.4903
830,-812.49316406,164.9448
831,-812.56561279,169.0897
832,-812.48730469,166.0685
833,-812.41656494,161.9598
834,-812.48748779,167.7199
835,-812.59912109,176.7753
836,-812.57672119,175.9181
837,-812.43322754,168.4378
838,-812.33258057,163.7944
839,-812.37445068,164.9221
840,-812.47576904,172.2549
841,-812.48852539,173.9441
842,-812.41259766,169.4698
843,-812.40856934,167.3776
844,-812.57366943,174.1748
845,-812.77172852,185.7012
846,-812.84014893,189.3480
847,-812.79565430,186.9566
848,-812.76922607,187.1174
849,-812.81854248,188.5685
850,-812.85571289,190.6422
851,-812.72216797,181.9996
852,-812.43572998,165.9847
853,-812.19653320,152.3669
854,-812.12707520,147.6809
855,-812.12127686,146.6076
856,-812.06976318,144.5957
857,-812.01074219,141.2331
858,-812.03594971,143.9759
859,-812.17633057,152.9437
860,-812.35528564,161.6314
861,-812.42913818,166.9411
862,-812.37640381,164.5839
863,-812.32141113,160.4703
864,-812.34082031,161.1678
865,-812.33697510,162.6201
866,-812.24035645,156.6518
867,-812.15313721,152.6752
868,-812.16186523,153.2265
869,-812.27252197,161.6636
870,-812.41217041,168.5985
871,-812.50036621,173.4388
872,-812.54711914,176.6976
873,-812.59564209,179.9688
874,-812.66967773,182.1736
875,-812.71228027,185.8271
876,-812.66943359,182.2851
877,-812.56982422,176.9927
878,-812.48266602,172.3763
879,-812.47149658,170.5299
880,-812.50427246,174.0223
881,-812.51593018,174.7700
882,-812.52368164,175.1401
883,-812.57177734,178.3296
884,-812.64892578,183.4547
885,-812.68200684,186.4145
886,-812.65441895,185.1705
887,-812.61785889,182.4208
888,-812.60998535,183.9671
889,-812.61401367,185.2414
890,-812.60400391,183.1926
891,-812.57006836,182.1874
892,-812.55603027,181.5250
893,-812.62182617,186.4992
894,-812.73577881,192.8584
895,-812.78289795,195.0978
896,-812.72808838,192.5738
897,-812.67456055,189.2620
898,-812.70300293,190.9291
899,-812.73272705,192.7505
900,-812.67309570,189.9973
901,-812.54986572,181.7389
902,-812.43994141,175.6503
903,-812.43780518,176.8848
904,-812.50677490,179.8958
905,-812.52740479,181.0364
906,-812.47222900,179.0556
907,-812.42425537,176.1086
908,-812.45947266,179.4309
909,-812.52294922,183.6238
910,-812.50952148,182.4627
911,-812.39276123,174.7358
912,-812.26983643,167.7801
913,-812.24603271,165.6151
914,-812.29040527,168.0467
915,-812.30657959,169.0426
916,-812.29174805,168.7527
917,-812.32159424,171.0454
918,-812.45129395,179.6588
919,-812.62554932,188.7911
920,-812.71826172,193.0667
921,-812.69128418,192.5499
922,-812.63665771,189.6243
923,-812.64648438,190.1227
924,-812.67456055,191.0678
925,-812.61212158,186.8760
926,-812.46356201,178.4662
927,-812.37420654,174.1802
928,-812.44012451,179.2007
929,-812.56036377,186.7665
930,-812.61968994,190.4674
931,-812.58392334,187.0179
932,-812.53039551,182.1798
933,-812.52563477,181.2800
934,-812.53881836,182.4957
935,-812.48736572,177.1040
936,-812.33294678,166.0924
937,-812.16040039,156.6685
938,-812.09228516,153.1071
939,-812.13104248,155.9719
940,-812.19018555,157.5690
941,-812.19769287,157.3562
942,-812.16986084,157.4995
943,-812.16827393,159.2535
944,-812.25598145,164.4226
945,-812.39807129,171.8752
946,-812.47192383,175.6993
947,-812.41644287,172.4666
948,-812.32220459,168.0486
949,-812.30676270,166.8124
950,-812.40936279,173.4509
951,-812.54699707,180.5414
952,-812.56939697,181.6761
953,-812.47192383,177.1410
954,-812.42681885,175.4211
955,-812.52386475,182.3703
956,-812.67248535,191.4182
957,-812.68902588,192.4640
958,-812.53765869,182.7691
959,-812.34844971,174.6804
960,-812.31799316,173.3014
961,-812.48529053,182.3941
962,-812.63806152,189.1880
963,-812.56842041,185.6459
964,-812.38916016,177.0481
965,-812.34027100,174.2297
966,-812.50030518,184.4507
967,-812.67364502,194.2845
968,-812.64581299,193.7687
969,-812.41442871,181.0716
970,-812.19586182,168.0832
971,-812.20086670,168.7146
972,-812.37329102,178.6381
973,-812.44580078,181.8835
974,-812.30944824,173.7365
975,-812.12182617,162.7532
976,-812.12036133,162.8963
977,-812.31542969,173.7511
978,-812.46734619,182.9046
979,-812.40557861,178.8923
980,-812.21813965,169.4256
981,-812.10198975,161.4742
982,-812.14910889,164.0296
983,-812.27471924,172.2197
984,-812.33215332,177.1103
985,-812.27203369,175.1378
986,-812.20977783,173.1091
987,-812.28338623,177.9409
988,-812.48583984,189.0451
989,-812.63159180,196.7277
990,-812.62677002,196.9243
991,-812.52056885,191.7408
992,-812.40075684,184.3654
993,-812.35125732,181.8735
994,-812.36218262,182.8031
995,-812.36450195,183.6140
996,-812.27148438,178.9492
997,-812.12939453,173.1205
998,-812.11627197,173.4024
999,-812.27935791,182.5332
1000,-812.48175049,196.8591
1001,-812.58355713,203.2725
1002,-812.51513672,200.4047
1003,-812.35772705,195.2196
1004,-812.30096436,192.9570
1005,-812.40759277,199.7790
1006,-812.48632812,204.6690
1007,-812.32476807,194.9854
1008,-812.03253174,178.1999
1009,-811.89099121,172.3659
1010,-811.99829102,177.8260
1011,-812.20587158,190.0602
1012,-812.28686523,196.1632
1013,-812.16375732,190.8590
1014,-812.02893066,183.4303
1015,-812.10845947,188.9677
1016,-812.30749512,200.5414
1017,-812.38824463,205.5512
1018,-812.23449707,196.7901
1019,-811.98132324,182.7366
1020,-811.87524414,175.2393
1021,-811.97338867,181.8626
1022,-812.07897949,186.6133
1023,-812.02740479,183.7688
1024,-811.88684082,176.1891
1025,-811.85351562,174.8698
1026,-811.99407959,182.6489
1027,-812.15856934,190.9072
1028,-812.21417236,192.9899
1029,-812.15509033,187.7333
1030,-812.04956055,182.4496
1031,-812.01971436,181.2973
1032,-812.10565186,185.0799
1033,-812.18426514,188.6991
1034,-812.16619873,188.9272
1035,-812.13952637,188.0603
1036,-812.17980957,190.8481
1037,-812.26037598,194.9263
1038,-812.33764648,200.3946
1039,-812.37945557,203.9747
1040,-812.35638428,203.6737
1041,-812.25488281,199.1159
1042,-812.14923096,192.2375
1043,-812.13513184,189.6837
1044,-812.14184570,192.4609
1045,-812.10461426,191.6881
1046,-812.01831055,190.5725
1047,-811.96069336,185.6593
1048,-812.00512695,188.6887
1049,-812.14611816,195.8200
1050,-812.31298828,205.1106
1051,-812.38433838,211.5685
1052,-812.30700684,205.4341
1053,-812.21972656,199.0563
1054,-812.29034424,202.3553
1055,-812.39996338,208.4599
1056,-812.36291504,207.6052
1057,-812.22808838,201.1192
1058,-812.16290283,198.7713
1059,-812.22247314,202.3070
1060,-812.35009766,208.9331
1061,-812.44036865,214.0014
1062,-812.38348389,211.6855
1063,-812.21478271,201.4653
1064,-812.12640381,197.4667
1065,-812.15258789,198.1432
1066,-812.11541748,195.9163
1067,-811.96704102,186.8581
1068,-811.85394287,180.4512
1069,-811.86602783,181.7938
1070,-811.98071289,189.6837
1071,-812.14660645,199.3873
1072,-812.28717041,207.4172
1073,-812.35272217,212.4557
1074,-812.41107178,217.1713
1075,-812.45849609,220.3982
1076,-812.44354248,221.1359
1077,-812.35772705,215.3814
1078,-812.21875000,209.2308
1079,-812.07775879,200.3092
1080,-811.98065186,195.3353
1081,-811.92596436,190.6938
1082,-811.88195801,187.5679
1083,-811.86499023,187.0424
1084,-811.95275879,192.9860
1085,-812.09832764,201.2615
1086,-812.16674805,205.9375
1087,-812.13085938,204.2416
1088,-812.09594727,205.2488
1089,-812.10162354,205.8904
1090,-812.10400391,207.0109
1091,-812.03082275,203.5818
1092,-811.88616943,196.5379
1093,-811.78332520,191.1932
1094,-811.83386230,195.2954
1095,-812.01422119,204.3427
1096,-812.16711426,213.6141
1097,-812.13049316,212.9870
1098,-811.98431396,206.0326
1099,-811.95166016,204.7653
1100,-812.07788086,209.6332
1101,-812.14654541,213.6588
1102,-812.00262451,205.0376
1103,-811.74212646,190.3161
1104,-811.60363770,183.3445
1105,-811.69982910,189.4412
1106,-811.91424561,202.0677
1107,-812.02380371,208.1440
1108,-811.94000244,203.3164
1109,-811.84106445,199.2696
1110,-811.98522949,210.1232
1111,-812.28308105,227.3604
1112,-812.38067627,233.3159
1113,-812.18206787,222.7930
1114,-811.92138672,206.8391
1115,-811.81726074,200.8888
1116,-811.86492920,204.1255
1117,-811.94305420,208.7320
1118,-811.89642334,207.4441
1119,-811.70220947,196.9969
1120,-811.56640625,188.0701
1121,-811.71484375,195.8467
1122,-811.96905518,208.5374
1123,-812.01464844,210.6106
1124,-811.84100342,200.5229
1125,-811.69781494,190.8476
1126,-811.75335693,195.4409
1127,-811.95214844,205.9656
1128,-812.09698486,213.4414
1129,-812.06939697,213.2589
1130,-811.92272949,205.2447
1131,-811.87634277,203.4728
1132,-812.04724121,213.6826
1133,-812.22784424,223.0825
1134,-812.17663574,222.4290
1135,-811.97082520,211.6671
1136,-811.86114502,205.0977
1137,-811.90203857,209.1862
1138,-811.95947266,212.6508
1139,-811.95361328,212.9933
1140,-811.88793945,209.0711
1141,-811.82434082,207.2636
1142,-811.83654785,210.1822
1143,-811.94104004,216.3364
1144,-812.01013184,221.0311
1145,-811.98754883,219.5815
1146,-811.96728516,219.5675
1147,-811.97296143,219.9033
1148,-811.98986816,219.9682
1149,-812.02288818,221.4595
1150,-812.05102539,221.0034
1151,-812.04400635,220.6818
1152,-811.99548340,216.9532
1153,-811.95684814,214.2883
1154,-811.93231201,212.0106
1155,-811.92474365,212.6661
1156,-811.92242432,213.1034
1157,-811.87408447,210.0258
1158,-811.79553223,205.0334
1159,-811.77252197,202.1260
1160,-811.85253906,205.8622
1161,-811.95800781,212.3959
1162,-812.01989746,217.6085
1163,-812.05700684,221.7935
1164,-812.07617188,223.1296
1165,-812.10009766,223.5859
1166,-812.18853760,227.3924
1167,-812.25177002,230.1029
1168,-812.16668701,225.2433
1169,-812.02099609,215.8143
1170,-811.96673584,211.4695
1171,-812.00384521,211.7052
1172,-812.03186035,212.6389
1173,-812.01837158,215.1737
1174,-811.98052979,211.4196
1175,-811.94525146,208.9996
1176,-811.97882080,209.8242
1177,-812.09722900,215.9936
1178,-812.16345215,219.7789
1179,-812.07873535,215.5439
1180,-811.95532227,208.4708
1181,-811.90570068,205.1980
1182,-811.92889404,205.4324
1183,-811.96466064,206.4166
1184,-811.96813965,208.3655
1185,-811.97210693,208.1846
1186,-812.01263428,211.0376
1187,-812.10321045,217.0796
1188,-812.18286133,221.4516
1189,-812.16369629,219.8771
1190,-812.07806396,215.7236
1191,-811.99206543,208.3074
1192,-811.93023682,205.0654
1193,-811.86035156,200.4310
1194,-811.78240967,198.8831
1195,-811.75115967,197.7296
1196,-811.79772949,200.9858
1197,-811.86840820,204.7520
1198,-811.91052246,207.6583
1199,-811.93811035,211.1025
1200,-811.98364258,213.6510
1201,-812.06176758,218.3527
1202,-812.12915039,222.4763
1203,-812.10040283,219.9379
1204,-811.95617676,213.1854
1205,-811.81542969,205.8558
1206,-811.81384277,204.2240
1207,-811.87951660,208.6489
1208,-811.86401367,206.7708
1209,-811.76495361,200.7350
1210,-811.71270752,198.0080
1211,-811.81567383,204.2375
1212,-812.00781250,214.0507
1213,-812.12103271,219.4919
1214,-812.09088135,217.6309
1215,-812.00048828,213.1618
1216,-811.99298096,213.3380
1217,-812.09503174,218.5117
1218,-812.16790771,221.8861
1219,-812.07379150,215.4416
1220,-811.87145996,204.2143
1221,-811.74322510,195.3717
1222,-811.77557373,196.5951
1223,-811.88043213,203.3259
1224,-811.91955566,205.6401
1225,-811.85247803,203.3132
1226,-811.79156494,198.9168
1227,-811.84112549,201.9270
1228,-811.95678711,210.3661
1229,-812.00225830,210.9677
1230,-811.94543457,208.0577
1231,-811.82745361,200.2001
1232,-811.74670410,195.0523
1233,-811.80981445,200.4332
1234,-811.96655273,212.1071
1235,-812.04254150,217.6208
1236,-811.99334717,214.5132
1237,-811.94885254,210.7586
1238,-812.00573730,216.4304
1239,-812.08966064,222.7398
1240,-812.08740234,222.1816
1241,-811.98547363,216.7248
1242,-811.81573486,207.5603
1243,-811.66119385,198.1437
1244,-811.63916016,197.6804
1245,-811.70422363,202.3901
1246,-811.68762207,201.5574
1247,-811.62304688,199.2463
1248,-811.64929199,201.7948
1249,-811.78302002,208.7549
1250,-811.91638184,216.6397
1251,-811.97906494,220.3651
1252,-811.92578125,218.4080
1253,-811.76672363,209.6973
1254,-811.64410400,202.8572
1255,-811.67559814,205.4748
1256,-811.74072266,210.5337
1257,-811.67126465,206.8706
1258,-811.50573730,197.5333
1259,-811.43835449,193.7627
1260,-811.53161621,199.8413
1261,-811.69226074,211.4698
1262,-811.77947998,214.6637
1263,-811.73791504,211.9907
1264,-811.64154053,206.0949
1265,-811.65185547,207.1499
1266,-811.79699707,215.6775
1267,-811.88940430,221.0016
1268,-811.75061035,215.9649
1269,-811.51202393,201.4238
1270,-811.41772461,196.6367
1271,-811.47875977,198.9585
1272,-811.55529785,203.6450
1273,-811.55975342,204.6176
1274,-811.52758789,203.3258
1275,-811.55725098,207.0356
1276,-811.71484375,215.6273
1277,-811.91125488,227.8103
1278,-811.96905518,232.0801
1279,-811.84405518,224.4262
1280,-811.72863770,216.8721
1281,-811.74353027,217.4038
1282,-811.77423096,217.5099
1283,-811.71533203,213.6907
1284,-811.63543701,207.7246
1285,-811.61877441,206.6318
1286,-811.66906738,208.8251
1287,-811.75622559,213.8754
1288,-811.87072754,220.3581
1289,-811.93902588,225.1978
1290,-811.91546631,226.3857
1291,-811.88092041,225.4466
1292,-811.87756348,226.4327
1293,-811.84222412,225.0995
1294,-811.79431152,220.7909
1295,-811.79956055,219.2405
1296,-811.83288574,221.1425
1297,-811.83532715,222.6439
1298,-811.83459473,225.0414
1299,-811.91430664,231.0795
1300,-812.01220703,236.0343
1301,-811.95977783,233.4819
1302,-811.75006104,223.4949
1303,-811.57141113,211.4344
1304,-811.53759766,210.1747
1305,-811.60064697,214.6979
1306,-811.63385010,218.1939
1307,-811.55072021,211.4667
1308,-811.47003174,205.6976
1309,-811.56567383,212.6421
1310,-811.78424072,223.9748
1311,-811.89324951,231.3934
1312,-811.78259277,224.1768
1313,-811.58001709,214.1801
1314,-811.49804688,208.6118
1315,-811.59246826,214.1036
1316,-811.67327881,219.6779
1317,-811.54956055,210.5460
1318,-811.32244873,198.7804
1319,-811.28369141,196.6105
1320,-811.48596191,207.2996
1321,-811.67742920,219.2264
1322,-811.66741943,220.4516
1323,-811.51556396,212.9562
1324,-811.42047119,205.1571
1325,-811.49505615,209.9825
1326,-811.63989258,217.8318
1327,-811.62170410,220.6742
1328,-811.41253662,211.2965
1329,-811.28509521,208.0276
1330,-811.41918945,214.3297
1331,-811.60583496,223.4380
1332,-811.59832764,225.0950
1333,-811.47991943,220.0124
1334,-811.49792480,221.4610
1335,-811.63323975,230.8056
1336,-811.76452637,238.1257
1337,-811.80371094,240.2668
1338,-811.68615723,234.5124
1339,-811.55523682,226.2900
1340,-811.57867432,226.5423
1341,-811.64868164,228.9974
1342,-811.55841064,222.5143
1343,-811.35742188,209.5376
1344,-811.34350586,209.9736
1345,-811.57177734,223.0439
1346,-811.72613525,230.4957
1347,-811.62591553,226.5612
1348,-811.48583984,218.4602
1349,-811.49389648,220.3336
1350,-811.62927246,227.1717
1351,-811.73461914,233.4570
1352,-811.64141846,227.9408
1353,-811.42700195,216.2373
1354,-811.35351562,212.8653
1355,-811.53070068,223.0673
1356,-811.75848389,235.0074
1357,-811.72534180,234.1923
1358,-811.50933838,220.6318
1359,-811.49664307,221.0000
1360,-811.72943115,233.8573
1361,-811.92810059,247.5129
1362,-811.87054443,242.7976
1363,-811.63366699,228.4265
1364,-811.51062012,219.8155
1365,-811.65344238,229.3424
1366,-811.87866211,241.8900
1367,-811.89721680,242.8965
1368,-811.65362549,229.1571
1369,-811.46759033,218.5813
1370,-811.61669922,226.7664
1371,-811.88903809,243.0210
1372,-811.90667725,244.6475
1373,-811.70410156,234.2016
1374,-811.54595947,226.5798
1375,-811.59429932,227.7366
1376,-811.76977539,240.8573
1377,-811.88647461,248.3629
1378,-811.86755371,247.6038
1379,-811.82244873,244.3265
1380,-811.85583496,243.2521
1381,-811.95257568,248.6386
1382,-811.97631836,245.7686
1383,-811.86993408,239.4947
1384,-811.74761963,232.7234
1385,-811.69201660,229.7961
1386,-811.67187500,228.6953
1387,-811.62664795,226.2144
1388,-811.59973145,226.1774
1389,-811.67633057,231.9648
1390,-811.79589844,239.2418
1391,-811.80816650,238.1391
1392,-811.77044678,238.1456
1393,-811.84228516,242.8245
1394,-812.00201416,252.3665
1395,-812.10107422,259.7452
1396,-812.03161621,254.6879
1397,-811.83612061,244.5131
1398,-811.69793701,237.5459
1399,-811.76123047,240.6900
1400,-811.92547607,249.1429
1401,-811.87341309,245.7304
1402,-811.53991699,228.4483
1403,-811.33471680,216.8426
1404,-811.51202393,226.5607
1405,-811.79418945,243.1984
1406,-811.83367920,245.2116
1407,-811.60284424,232.3946
1408,-811.38800049,221.4916
1409,-811.48803711,227.7519
1410,-811.81805420,247.4309
1411,-811.98718262,255.2034
1412,-811.79254150,244.9776
1413,-811.44787598,226.1227
1414,-811.39715576,223.3691
1415,-811.69708252,241.3188
1416,-811.94342041,254.1270
1417,-811.87152100,250.7823
1418,-811.62628174,238.2180
1419,-811.54437256,234.8818
1420,-811.72375488,245.5562
1421,-811.90509033,252.5491
1422,-811.84875488,249.2115
1423,-811.61779785,235.3713
1424,-811.44293213,224.8066
1425,-811.50634766,227.0490
1426,-811.76916504,241.5603
1427,-811.91046143,252.1173
1428,-811.82116699,248.4647
1429,-811.71270752,243.2833
1430,-811.75244141,245.9518
1431,-811.85144043,250.8942
1432,-811.82940674,250.2637
1433,-811.66168213,241.2179
1434,-811.47241211,229.0031
1435,-811.34448242,221.7198
1436,-811.35314941,223.4820
1437,-811.48748779,231.9676
1438,-811.56951904,236.4492
1439,-811.55230713,235.9898
1440,-811.56829834,237.1449
1441,-811.64178467,240.1812
1442,-811.68304443,243.6194
1443,-811.69708252,245.3768
1444,-811.70355225,247.1883
1445,-811.64611816,244.1404
1446,-811.48291016,234.0327
1447,-811.35235596,226.5024
1448,-811.36486816,226.3202
1449,-811.41375732,229.3369
1450,-811.42889404,231.4135
1451,-811.41302490,229.7482
1452,-811.39526367,232.2425
1453,-811.45959473,234.5876
1454,-811.64843750,245.7866
1455,-811.81280518,254.8585
1456,-811.83789062,256.7698
1457,-811.71166992,250.1158
1458,-811.56018066,243.4023
1459,-811.54803467,240.3038
1460,-811.58770752,242.7427
1461,-811.49053955,238.3031
1462,-811.29022217,226.3831
1463,-811.15374756,217.8750
1464,-811.20898438,221.2913
1465,-811.38946533,231.5018
1466,-811.54223633,239.5630
1467,-811.56494141,239.4527
1468,-811.47723389,235.4555
1469,-811.42156982,232.3650
1470,-811.52380371,237.1386
1471,-811.63049316,244.6942
1472,-811.56024170,237.2528
1473,-811.37658691,227.7104
1474,-811.24420166,221.7012
1475,-811.21331787,218.6085
1476,-811.25244141,222.1951
1477,-811.27661133,221.5557
1478,-811.22772217,217.0229
1479,-811.10351562,211.1534
1480,-811.01770020,206.5727
1481,-811.10754395,211.2937
1482,-811.27246094,221.1975
1483,-811.31677246,222.3935
1484,-811.27380371,221.2761
1485,-811.27197266,220.6217
1486,-811.34167480,224.4125
1487,-811.44378662,230.2170
1488,-811.50524902,234.9692
1489,-811.46801758,231.9365
1490,-811.33398438,223.3159
1491,-811.20721436,215.1783
1492,-811.19470215,213.4777
1493,-811.23809814,215.7357
1494,-811.21252441,212.1064
1495,-811.15917969,211.2402
1496,-811.17669678,212.3231
1497,-811.28454590,218.6857
1498,-811.41430664,225.9344
1499,-811.48321533,232.6064
1500,-811.47186279,232.6908
1501,-811.38739014,227.7853
1502,-811.29858398,221.3645
1503,-811.27880859,220.9885
1504,-811.28533936,220.0203
1505,-811.23699951,218.6111
1506,-811.18444824,214.6893
1507,-811.22717285,216.8663
1508,-811.34497070,224.2987
1509,-811.43072510,228.3876
1510,-811.46264648,230.7393
1511,-811.47912598,233.6921
1512,-811.48553467,232.6615
1513,-811.48461914,232.3103
1514,-811.50598145,232.7199
1515,-811.53308105,235.3039
1516,-811.52929688,235.6937
1517,-811.54388428,237.4775
1518,-811.63439941,241.8664
1519,-811.70501709,245.1714
1520,-811.72253418,246.6834
1521,-811.73223877,247.7403
1522,-811.73809814,248.4835
1523,-811.67065430,247.4707
1524,-811.53497314,238.1711
1525,-811.43273926,231.4021
1526,-811.40216064,228.5148
1527,-811.41198730,231.3120
1528,-811.44592285,235.3140
1529,-811.46783447,236.2624
1530,-811.44476318,235.8616
1531,-811.45355225,234.5236
1532,-811.50970459,236.7155
1533,-811.50726318,238.6483
1534,-811.42431641,232.6678
1535,-811.33892822,226.4103
1536,-811.30004883,224.4679
1537,-811.31127930,224.9644
1538,-811.34930420,225.4285
1539,-811.41973877,229.4287
1540,-811.51110840,237.7442
1541,-811.58966064,243.9210
1542,-811.66705322,248.2930
1543,-811.71514893,250.5203
1544,-811.71527100,251.4871
1545,-811.69128418,248.9184
1546,-811.65386963,245.9432
1547,-811.60229492,243.0941
1548,-811.55059814,239.1799
1549,-811.48632812,236.2653
1550,-811.44549561,233.3843
1551,-811.44525146,234.6914
1552,-811.44549561,235.6179
1553,-811.44940186,235.6651
1554,-811.51934814,239.9210
1555,-811.63189697,245.4662
1556,-811.71258545,249.4772
1557,-811.69757080,250.0486
1558,-811.61511230,246.6177
1559,-811.55938721,243.7540
1560,-811.54388428,242.7914
1561,-811.52630615,241.8200
1562,-811.49365234,239.3953
1563,-811.43524170,236.7312
1564,-811.41821289,235.6955
1565,-811.51251221,240.4080
1566,-811.66235352,247.8558
1567,-811.76885986,255.3169
1568,-811.78576660,257.7651
1569,-811.74688721,257.8747
1570,-811.73266602,253.9720
1571,-811.72680664,252.2775
1572,-811.66595459,250.3982
1573,-811.54589844,241.5357
1574,-811.46954346,238.4501
1575,-811.49542236,239.7991
1576,-811.56164551,244.6400
1577,-811.56658936,245.5284
1578,-811.50604248,243.3670
1579,-811.40057373,238.0204
1580,-811.30364990,234.9204
1581,-811.26080322,229.2696
1582,-811.21105957,228.6772
1583,-811.05950928,222.0209
1584,-810.88970947,211.9513
1585,-810.85418701,211.1030
1586,-810.94989014,218.2134
1587,-811.08197021,228.8118
1588,-811.19482422,235.9885
1589,-811.25769043,240.4678
1590,-811.31805420,246.7867
1591,-811.43377686,252.0989
1592,-811.55639648,258.5010
1593,-811.54211426,257.5324
1594,-811.38006592,245.4549
1595,-811.18225098,234.0795
1596,-811.06512451,226.9850
1597,-811.06195068,226.0071
1598,-811.12432861,229.7382
1599,-811.18890381,234.9008
1600,-811.22607422,237.2128
1601,-811.27661133,239.3397
1602,-811.44268799,250.8827
1603,-811.69036865,263.0357
1604,-811.82055664,270.8610
1605,-811.67956543,264.2197
1606,-811.41760254,249.0784
1607,-811.28094482,241.7212
1608,-811.29174805,240.7621
1609,-811.29913330,240.0572
1610,-811.17193604,229.8434
1611,-810.95007324,218.9322
1612,-810.86431885,213.1463
1613,-811.05743408,224.9957
1614,-811.36950684,242.4730
1615,-811.46148682,248.2292
1616,-811.27441406,238.6000
1617,-811.15820312,233.4804
1618,-811.31872559,239.9409
1619,-811.55718994,252.5844
1620,-811.57196045,255.0957
1621,-811.32604980,241.0476
1622,-811.08563232,227.1724
1623,-811.11218262,230.3600
1624,-811.31250000,242.8398
1625,-811.38018799,245.7734
1626,-811.18524170,234.2818
1627,-810.92846680,219.1550
1628,-810.93762207,220.3008
1629,-811.18884277,236.0384
1630,-811.32867432,244.9659
1631,-811.15386963,236.6374
1632,-810.90802002,223.2388
1633,-810.92395020,226.2238
1634,-811.16632080,241.8938
1635,-811.31079102,250.2244
1636,-811.20428467,244.5355
1637,-810.99041748,231.8464
1638,-810.91131592,227.2284
1639,-811.05126953,232.8634
1640,-811.20251465,243.5047
1641,-811.12115479,240.5094
1642,-810.93310547,230.7132
1643,-810.95214844,231.3773
1644,-811.16107178,242.8099
1645,-811.28887939,250.8035
1646,-811.28808594,251.3527
1647,-811.31762695,252.9357
1648,-811.42669678,259.1563
1649,-811.54852295,265.3277
1650,-811.62835693,269.7377
1651,-811.58233643,268.8812
1652,-811.43041992,258.5511
1653,-811.38110352,254.1129
1654,-811.43634033,258.6075
1655,-811.36120605,255.2507
1656,-811.16619873,246.4026
1657,-811.09020996,240.9474
1658,-811.18884277,245.9932
1659,-811.27319336,251.9718
1660,-811.21215820,251.3325
1661,-811.07336426,241.9966
1662,-811.01928711,238.9304
1663,-811.10186768,244.1490
1664,-811.21038818,249.3628
1665,-811.16680908,244.1924
1666,-810.96691895,233.8346
1667,-810.84661865,227.1150
1668,-810.93286133,233.1593
1669,-811.08929443,243.5828
1670,-811.12243652,246.3487
1671,-811.01495361,241.0454
1672,-810.96386719,238.4053
1673,-811.05749512,244.8581
1674,-811.17657471,250.7428
1675,-811.20428467,252.4646
1676,-811.16094971,250.6442
1677,-811.13928223,249.5069
1678,-811.17626953,254.1981
1679,-811.29650879,261.8560
1680,-811.48358154,271.6432
1681,-811.61541748,280.4554
1682,-811.59826660,280.2836
1683,-811.50396729,275.1956
1684,-811.43457031,269.4446
1685,-811.38269043,265.0168
1686,-811.30987549,262.8571
1687,-811.19799805,254.8032
1688,-811.02368164,243.2127
1689,-810.84942627,233.3855
1690,-810.84082031,232.7492
1691,-811.02844238,242.7103
1692,-811.23187256,255.2815
1693,-811.27380371,256.7119
1694,-811.21850586,253.6693
1695,-811.28356934,261.2382
1696,-811.44604492,268.9200
1697,-811.56097412,274.7785
1698,-811.50543213,272.4631
1699,-811.25701904,259.2346
1700,-811.02166748,245.1877
1701,-811.00659180,245.3825
1702,-811.17584229,255.3714
1703,-811.31451416,262.5875
1704,-811.26214600,257.4242
1705,-811.15557861,248.4901
1706,-811.24188232,253.6899
1707,-811.45153809,267.4229
1708,-811.55279541,273.6258
1709,-811.45428467,268.9176
1710,-811.26861572,258.9122
1711,-811.14776611,250.8104
1712,-811.12689209,249.3862
1713,-811.14343262,251.0859
1714,-811.10424805,246.2117
1715,-810.98901367,238.5190
1716,-810.93750000,236.3903
1717,-811.03662109,242.1172
1718,-811.14837646,245.1132
1719,-811.17022705,245.9213
1720,-811.17657471,244.4566
1721,-811.19311523,245.8480
1722,-811.15258789,243.1644
1723,-811.05950928,236.3971
1724,-811.07977295,237.5300
1725,-811.22271729,245.7439
1726,-811.32452393,251.8343
1727,-811.32025146,250.9402
1728,-811.32928467,251.6120
1729,-811.44012451,257.8111
1730,-811.61022949,268.0500
1731,-811.72906494,276.3156
1732,-811.67224121,272.7637
1733,-811.43109131,258.0606
1734,-811.19799805,245.1712
1735,-811.17816162,243.4842
1736,-811.25006104,247.0666
1737,-811.17034912,242.4923
1738,-810.95446777,229.6480
1739,-810.87408447,225.2971
1740,-811.08392334,237.7700
1741,-811.42059326,257.7373
1742,-811.59423828,268.1296
1743,-811.51763916,264.7900
1744,-811.35156250,255.5107
1745,-811.29565430,250.2640
1746,-811.36303711,252.9881
1747,-811.35748291,250.9980
1748,-811.16046143,239.6123
1749,-810.88085938,223.0825
1750,-810.79766846,218.5076
1751,-810.99957275,231.0534
1752,-811.23974609,246.1266
1753,-811.29705811,250.7498
1754,-811.26165771,249.7705
1755,-811.30841064,251.8654
1756,-811.42303467,256.8483
1757,-811.47369385,258.4374
1758,-811.40393066,253.1374
1759,-811.23797607,241.1402
1760,-811.04663086,228.8062
1761,-810.95996094,222.2160
1762,-811.02838135,227.2652
1763,-811.14007568,234.6784
1764,-811.21563721,238.5335
1765,-811.30853271,245.2887
1766,-811.37493896,249.2923
1767,-811.33862305,249.3103
1768,-811.29083252,247.3185
1769,-811.32122803,248.6885
1770,-811.32556152,250.2003
1771,-811.21789551,244.1722
1772,-811.11621094,238.8066
1773,-811.16857910,245.1859
1774,-811.35992432,257.8186
1775,-811.59613037,271.9865
1776,-811.73748779,280.2316
1777,-811.68243408,277.6410
1778,-811.52770996,268.9202
1779,-811.48223877,269.0532
1780,-811.53894043,270.9572
1781,-811.47851562,267.5323
1782,-811.18719482,249.7913
1783,-810.88555908,233.8017
1784,-810.83715820,230.8770
1785,-811.01184082,241.1076
1786,-811.12927246,249.5919
1787,-811.06463623,246.7242
1788,-810.94287109,242.2322
1789,-810.93286133,239.9684
1790,-811.09033203,251.8979
1791,-811.26794434,263.0706
1792,-811.24462891,262.4745
1793,-811.01391602,250.6051
1794,-810.85137939,239.5382
1795,-810.94238281,244.4641
1796,-811.09606934,254.5268
1797,-811.09295654,254.7870
1798,-811.01928711,250.5136
1799,-811.02850342,251.5314
1800,-811.15106201,257.6867
1801,-811.31616211,268.2205
1802,-811.41040039,273.8629
1803,-811.33990479,270.6892
1804,-811.13055420,258.9717
1805,-810.93890381,244.5633
1806,-810.86364746,238.2083
1807,-810.82507324,234.7960
1808,-810.73937988,229.0001
1809,-810.65692139,224.5398
1810,-810.63781738,223.4792
1811,-810.69073486,226.5072
1812,-810.82232666,233.2133
1813,-811.02130127,245.0686
1814,-811.19415283,255.4806
1815,-811.22174072,259.7785
1816,-811.16101074,257.7227
1817,-811.17706299,255.2641
1818,-811.28302002,261.1629
1819,-811.32775879,267.0371
1820,-811.29797363,266.3439
1821,-811.26293945,263.4781
1822,-811.25561523,261.9996
1823,-811.30291748,265.9992
1824,-811.45343018,274.6845
1825,-811.60595703,284.8114
1826,-811.59643555,284.4345
1827,-811.45373535,277.1266
1828,-811.37420654,271.5741
1829,-811.38018799,271.1408
1830,-811.35180664,270.6575
1831,-811.27398682,265.5206
1832,-811.20690918,261.1924
1833,-811.13848877,259.9278
1834,-811.07781982,257.7644
1835,-811.09594727,257.6489
1836,-811.17114258,261.0724
1837,-811.16967773,260.0814
1838,-811.06890869,255.5573
1839,-810.99066162,250.0803
1840,-811.00549316,251.7726
1841,-811.09619141,256.3695
1842,-811.23205566,265.0185
1843,-811.33251953,272.9892
1844,-811.31329346,275.0288
1845,-811.24713135,274.1827
1846,-811.33300781,281.5271
1847,-811.54968262,295.6510
1848,-811.60882568,298.7784
1849,-811.41809082,289.3416
1850,-811.17364502,273.6213
1851,-811.06451416,268.2264
1852,-811.13226318,269.2975
1853,-811.25347900,274.9250
1854,-811.23046875,274.6115
1855,-811.00555420,263.7353
1856,-810.86016846,259.6199
1857,-811.02966309,270.3551
1858,-811.30798340,285.5556
1859,-811.33343506,288.9332
1860,-811.08770752,273.3961
1861,-810.86895752,260.9570
1862,-810.90051270,261.8223
1863,-811.13281250,275.0907
1864,-811.27886963,282.1952
1865,-811.13494873,273.2787
1866,-810.85083008,259.0759
1867,-810.76898193,255.6206
1868,-810.94360352,265.7444
1869,-811.07049561,273.5349
1870,-810.91955566,265.8198
1871,-810.61572266,249.2827
1872,-810.46441650,241.9418
1873,-810.59844971,250.6558
1874,-810.84057617,266.1302
1875,-810.92852783,271.5570
1876,-810.83581543,266.6136
1877,-810.75109863,262.5177
1878,-810.83026123,267.6591
1879,-811.03759766,280.7296
1880,-811.14141846,288.8585
1881,-811.02734375,280.9090
1882,-810.84124756,270.5888
1883,-810.73620605,264.7063
1884,-810.73803711,264.9659
1885,-810.77770996,267.6619
1886,-810.79760742,268.2600
1887,-810.78540039,267.0429
1888,-810.78216553,266.0818
1889,-810.87567139,274.0946
1890,-811.07830811,285.4863
1891,-811.26989746,298.1021
1892,-811.35906982,302.9661
1893,-811.32189941,302.7431
1894,-811.18951416,293.5244
1895,-811.01635742,283.4421
1896,-810.85809326,274.1017
1897,-810.73571777,266.9372
1898,-810.57916260,255.8151
1899,-810.37695312,244.5869
1900,-810.25653076,238.5135
1901,-810.39068604,243.9164
1902,-810.73730469,266.0319
1903,-811.02630615,284.3645
1904,-811.11932373,289.1225
1905,-811.10748291,286.6131
1906,-811.14044189,290.6289
1907,-811.19903564,294.6100
1908,-811.19128418,292.6407
1909,-811.09716797,287.5646
1910,-810.94219971,280.3884
1911,-810.78485107,271.8719
1912,-810.80230713,272.4463
1913,-810.96490479,280.8442
1914,-811.08361816,288.8797
1915,-811.12872314,292.1423
1916,-811.13562012,292.4961
1917,-811.12872314,295.0495
1918,-811.08697510,293.5970
1919,-811.03063965,291.9560
1920,-810.93841553,286.3452
1921,-810.72741699,275.4625
1922,-810.46148682,261.1654
1923,-810.33215332,251.8219
1924,-810.38067627,255.0601
1925,-810.47247314,260.4724
1926,-810.52404785,264.5445
1927,-810.55566406,267.3561
1928,-810.59375000,271.9598
1929,-810.66040039,277.3625
1930,-810.79492188,287.6538
1931,-810.92755127,295.2474
1932,-810.86712646,292.4638
1933,-810.63653564,277.3481
1934,-810.49096680,268.0801
1935,-810.57910156,275.5517
1936,-810.70721436,286.3369
1937,-810.69946289,286.4957
1938,-810.62561035,282.8241
1939,-810.62640381,280.0662
1940,-810.76983643,292.4098
1941,-810.99981689,308.4294
1942,-811.13513184,317.0492
1943,-811.06707764,313.2083
1944,-810.87451172,299.9873
1945,-810.72412109,291.3314
1946,-810.71405029,289.9015
1947,-810.71484375,289.6135
1948,-810.59771729,283.4157
1949,-810.46343994,275.1940
1950,-810.44573975,275.3155
1951,-810.53143311,279.1342
1952,-810.63842773,284.5922
1953,-810.72778320,288.6066
1954,-810.74841309,290.1745
1955,-810.69409180,289.3545
1956,-810.69311523,289.3035
1957,-810.80834961,295.3808
1958,-810.87835693,301.4865
1959,-810.82318115,298.8835
1960,-810.73937988,295.6585
1961,-810.68078613,292.1477
1962,-810.58001709,287.0764
1963,-810.50927734,283.7457
1964,-810.54565430,284.3507
1965,-810.57666016,283.3562
1966,-810.51751709,281.6231
1967,-810.45788574,278.8187
1968,-810.49194336,280.5295
1969,-810.59240723,287.0473
1970,-810.73144531,295.1204
1971,-810.83349609,303.5674
1972,-810.77447510,300.2226
1973,-810.63122559,292.9941
1974,-810.64758301,295.1572
1975,-810.81976318,303.1200
1976,-810.90368652,307.5773
1977,-810.81951904,302.4096
1978,-810.69470215,295.4062
1979,-810.64990234,294.7465
1980,-810.74212646,300.6184
1981,-810.90460205,310.2505
1982,-810.96673584,315.1436
1983,-810.87255859,308.9099
1984,-810.79431152,305.4901
1985,-810.85870361,311.2368
1986,-811.00268555,320.8039
1987,-811.06988525,324.3061
1988,-810.99182129,320.3177
1989,-810.86761475,311.0460
1990,-810.83953857,307.4055
1991,-810.91644287,312.2355
1992,-810.92956543,311.1681
1993,-810.80914307,305.0914
1994,-810.70971680,299.3448
1995,-810.70892334,299.1025
1996,-810.76141357,301.4228
1997,-810.85821533,303.5257
1998,-810.95587158,308.0412
1999,-810.99005127,309.4184
