material_id,mp_energy_per_atom,chgnet_energy_per_atom,chgnet_forces_norm,chgnet_stress_norm
mp-995200,-8.266394043281252,-0.9647403955459595,1.5342084169387817,2.746448278427124
mp-995184,-7.740482936875002,-1.2066389322280884,0.9506843686103821,1.9779558181762695
mp-995197,-6.7510965609375,-0.39680176973342896,0.4802086353302002,1.4847313165664673
mp-603334,-7.782310378819448,-0.1007688120007515,0.8599424362182617,0.4075204133987427
mp-1096986,-6.814319185,-1.5959877967834473,0.24451950192451477,2.799424171447754
mp-1079612,-6.540984344062501,-0.7728790640830994,0.6633841395378113,3.458343029022217
mp-995202,-8.979679068660715,-0.5961269736289978,0.7346739768981934,1.8548141717910767
mp-995195,-6.687655179062501,-1.5786254405975342,0.29663705825805664,0.4380762279033661
mp-1198776,-7.995655918055555,-0.11061665415763855,1.4027966260910034,0.6619718074798584
mp-1200473,-7.997740527499999,-0.11062704026699066,1.3840104341506958,0.7185181975364685
mp-995234,-6.733773991190477,-0.15899722278118134,1.7844496965408325,0.4730077385902405
mp-644385,-6.790963366666666,-2.2668917179107666,0.5342357754707336,0.9744514226913452
mp-23680,-7.2449284535,-0.3611631989479065,0.38867467641830444,0.4142419397830963
mp-1225570,-11.244717442319446,-1.0503562688827515,1.814073085784912,3.818035364151001
mp-3347093,-8.48119726013889,-0.11051499843597412,2.7687766551971436,5.642090320587158
mp-3347222,-8.479943014861112,-0.1105007752776146,2.586707830429077,5.688228130340576
mp-510458,-7.080216435208334,-0.14762498438358307,0.5272625684738159,0.3552672564983368
mp-1215471,-15.555317175,-2.033975124359131,0.7536857724189758,2.1647207736968994
mp-31476,-5.3589883175,-0.22170333564281464,0.36795222759246826,0.1731165498495102
mp-1215581,-16.132445487023812,-1.4412193298339844,0.5546217560768127,2.1961474418640137
mp-1216447,-11.771019336025097,-1.1022496223449707,0.5162909030914307,1.3661152124404907
mp-1217074,-10.5699438775,-1.9530904293060303,0.8384637832641602,4.9733405113220215
mp-1224333,-26.666414855,-2.2084317207336426,0.463114470243454,5.850559234619141
mp-1102232,-6.871709076666668,-0.5685442090034485,1.5635695457458496,7.613685607910156
mp-1197681,-7.994982212222222,-0.11060547083616257,1.5901802778244019,0.8496972918510437
mp-3346929,-8.483780208055556,-0.11050912737846375,2.6292343139648438,5.931173801422119
mp-976247,-8.202427662857144,-0.38922736048698425,2.158831834793091,0.703988790512085
mp-1103408,-7.712449845833333,-0.6420976519584656,0.8303824067115784,2.80124831199646
mp-644272,-6.787913073333333,-2.2664690017700195,0.33324024081230164,0.8263975977897644
mp-1202251,-7.996712041527778,-0.11059225350618362,2.7705752849578857,5.340363025665283
mp-1199197,-7.998222978194444,-0.1106240525841713,1.4519808292388916,0.7617698311805725
mp-675395,-7.277261051249999,-0.18056389689445496,1.374966025352478,0.7962808609008789
mp-3346596,-8.479994431388889,-0.11051706224679947,2.585848808288574,5.554331302642822
mp-1201974,-7.999713154583333,-0.11063812673091888,1.3377196788787842,0.6870229244232178
mp-675784,-7.242741561000001,-0.7221513986587524,0.5603809356689453,0.9955598711967468
mp-1210976,-6.775948545,-0.8448531031608582,0.8275110125541687,0.9848769903182983
mp-697873,-6.977815542857143,-0.2476031482219696,0.9182397723197937,1.0430275201797485
mp-1104693,-5.560276921428572,-0.3910250663757324,0.46408453583717346,2.2985575199127197
mp-777297,-5.6274418483333335,-0.11630285531282425,2.9425692558288574,3.2279295921325684
mp-1191606,-6.596381114583333,-0.2747035622596741,0.5189282894134521,0.4974917769432068
mp-1192213,-6.091054319999999,-0.2602558434009552,0.6177539825439453,0.9981088638305664
mp-1195442,-6.919618036875,-0.21566326916217804,1.3625434637069702,0.5413668155670166
mp-1199783,-8.163494720416667,-0.06803274154663086,1.8499281406402588,0.36270010471343994
mp-1200051,-7.247985877,-0.18035238981246948,1.8235901594161987,0.64564049243927
mp-1203452,-7.0434878828125,-0.21903559565544128,0.4680974781513214,0.5099128484725952
mp-1209330,-7.0186154446875,-0.21822112798690796,0.6289485692977905,0.9629717469215393
mp-1212514,-6.892119565714286,-0.24501638114452362,2.1850595474243164,1.6901222467422485
mp-1212737,-6.866807095576923,-0.06605754792690277,2.1479992866516113,0.47624388337135315
mp-1214198,-7.15672887625,-0.11131375283002853,0.7720856666564941,0.9706090092658997
mp-1238754,-6.598291023333334,-0.27475303411483765,0.5604596138000488,0.7303071022033691
mp-600152,-7.606249124642858,-0.26992619037628174,0.7837753891944885,1.2790956497192383
mp-634431,-6.648475643333335,-0.2762686312198639,1.7080457210540771,5.713510990142822
mp-696396,-6.651611980416668,-0.2764309346675873,1.5487502813339233,7.15551233291626
mp-696987,-6.97470363875,-0.21754412353038788,0.9588555097579956,0.702524721622467
mp-698558,-5.797423302499999,-0.08129087090492249,3.9277994632720947,1.0680652856826782
mp-720532,-8.502050973085106,-0.04528236389160156,3.2319202423095703,0.4131259322166443
mp-1205051,-8.160006506555556,-0.09065715223550797,1.2017488479614258,0.4358908534049988
mp-746778,-7.576086955,-0.10562428832054138,1.526228427886963,0.5375601053237915
mp-1093996,-7.169452227777778,-0.13225768506526947,2.314119815826416,0.6661189198493958
mp-600169,-6.904125015000001,-0.19097267091274261,2.3815832138061523,3.2908337116241455
mp-1179716,-6.059514359583333,-0.2590342164039612,0.7868993878364563,0.5369759798049927
mp-1190216,-7.405570689166667,-0.3066132366657257,0.635175347328186,0.6946766972541809
mp-1190956,-6.084551819166666,-0.2601536512374878,0.7186631560325623,0.9849674701690674
mp-1197162,-7.684119178541667,-0.15796560049057007,0.8264200687408447,0.6025635004043579
mp-1212770,-7.036810154629628,-0.1294867843389511,2.2143943309783936,4.053556442260742
mp-23684,-6.310594349,-0.6306443810462952,0.29445680975914,0.39344173669815063
mp-24230,-7.397099188333335,-0.3062445819377899,2.1626760959625244,6.311612129211426
mp-3346792,-7.805961205416666,-0.30650147795677185,1.6720112562179565,5.8198676109313965
mp-705527,-8.16030454575,-0.10197101533412933,1.773228406906128,1.116265058517456
mp-738714,-6.51416515225,-0.08114559948444366,0.9350103139877319,0.33227860927581787
mp-1007768,-6.28103972642857,-0.14958854019641876,0.6554344892501831,0.4081183671951294
mp-1022803,-7.102856314285713,-0.16881081461906433,0.7646228075027466,0.2664063274860382
mp-769935,-6.513482403809524,-0.15424400568008423,1.4368901252746582,0.9002943634986877
mp-1210505,-6.259663568888889,-0.3496052324771881,0.5562660694122314,0.8997219800949097
mp-1212506,-6.238069748888888,-0.3449432849884033,0.5244877338409424,0.3918382227420807
mp-1219040,-7.854300265714285,-0.2799777686595917,0.6968199014663696,0.7017945051193237
mp-1219550,-7.185704878333333,-0.19816376268863678,1.4636483192443848,1.2472697496414185
mp-1220134,-7.854078889999999,-0.2796403467655182,0.7698066234588623,0.5122033953666687
mp-1224646,-9.173805638928572,-0.3272094428539276,0.7306281924247742,0.8366841673851013
mp-24625,-6.543559705999999,-0.16415931284427643,2.020083427429199,3.8062832355499268
mp-1212559,-6.518143387708332,-0.1346459537744522,2.256521701812744,0.9167162179946899
mp-23724,-6.648373395,-0.5525290369987488,1.2137110233306885,5.655211925506592
mp-696886,-7.058908431818182,-0.3222813308238983,1.1629712581634521,0.6032439470291138
mp-698267,-6.775694583888889,-0.18875135481357574,2.37882924079895,1.9441372156143188
mp-722571,-8.15758007295,-0.04080118238925934,2.470921277999878,0.4613262414932251
mp-734199,-7.568363402499999,-0.12599819898605347,1.3441053628921509,0.9147790670394897
mp-558579,-6.157612079,-0.30671700835227966,0.2723640203475952,0.4145069718360901
mp-557687,-6.1576021755,-0.30672577023506165,0.25941187143325806,0.48325201869010925
mp-24328,-6.2625390425,-0.3126166760921478,0.2772398293018341,0.7667816281318665
mp-542704,-6.246321738,-0.31204530596733093,0.5120658874511719,0.7938772439956665
mp-634434,-6.5469624735,-0.32864081859588623,0.5776346921920776,0.6945938467979431
mp-1194953,-8.001411897272728,-0.18116717040538788,1.1758403778076172,1.3176125288009644
mp-1203970,-8.078980571136363,-0.18300394713878632,0.8816137313842773,0.6618782877922058
mp-643989,-6.294607522,-0.6294023990631104,0.3816101551055908,1.2965091466903687
mp-1190987,-7.327140563333334,-0.3034190535545349,1.4710887670516968,1.383124589920044
mp-1213514,-8.234060195681819,-0.18622253835201263,0.798490583896637,0.3598352372646332
mp-1199329,-8.263012157954547,-0.18696379661560059,1.536177635192871,1.0439578294754028
mp-1192729,-6.363090352142858,-0.22499847412109375,0.5576556921005249,0.9134393334388733
mp-1210975,-6.412886074305556,-0.08882205188274384,0.9035801291465759,0.7084439992904663
mp-1193261,-6.329246943928571,-0.224134162068367,0.4895358383655548,0.45418137311935425
mp-1197490,-7.493730126481481,-0.07023273408412933,3.5886964797973633,1.9781919717788696
mp-1201933,-5.82077877,-0.1613641381263733,0.7988126873970032,1.0185407400131226
mp-1212586,-6.957501839545455,-0.15722694993019104,1.9373713731765747,1.2540048360824585
mp-1212700,-6.535697640833333,-0.2728039026260376,0.9711358547210693,0.9775670170783997
mp-705514,-5.220435706470588,-0.076487235724926,1.3836458921432495,0.5283324122428894
mp-707177,-6.687853835657895,-0.0876384750008583,1.2626858949661255,0.547584593296051
mp-707833,-8.19444941275,-0.05112040042877197,2.4679672718048096,0.18209409713745117
mp-728942,-7.80571278725,-0.06493861973285675,2.3556954860687256,0.6453187465667725
mp-733489,-4.2228972928125,-0.06574828177690506,1.100136637687683,0.2440597414970398
mp-734828,-8.06311523532258,-0.06504422426223755,1.8538752794265747,0.708861768245697
mp-1201970,-4.717906838055556,-0.13067325949668884,0.685879647731781,0.34454450011253357
mp-1202901,-7.405068886346154,-0.14228455722332,0.8194544911384583,0.8100513219833374
mp-733590,-6.207767520208333,-0.12909555435180664,0.9147560596466064,0.8242565989494324
mp-769201,-6.365468186041666,-0.13260027766227722,0.8114628195762634,1.0086493492126465
mp-1211898,-6.063823451999999,-0.40570059418678284,1.0680582523345947,1.7925605773925781
mp-1224650,-8.086605246086958,-0.1753072291612625,3.314774990081787,1.1432700157165527
mp-1225095,-7.896934331166666,-0.13112197816371918,1.6097220182418823,0.7555397152900696
mp-706652,-8.181670566400001,-0.163307324051857,2.018613338470459,0.2511421740055084
mp-707923,-8.323887243804348,-0.09055646508932114,2.6232378482818604,0.8495773673057556
mp-729593,-6.345833858695653,-0.07184581458568573,156.47119140625,59.67970275878906
mp-743548,-7.573580705312501,-0.07891903817653656,3.9716522693634033,1.083017349243164
mp-1197950,-6.341812591375,-0.07944191247224808,1.9658899307250977,0.5573757290840149
mp-1199601,-6.3601228965,-0.0796174556016922,2.100766658782959,0.2819267213344574
mp-1224668,-8.06769275173913,-0.1752638965845108,5.6411237716674805,0.9801105856895447
mp-1209885,-6.769961260416667,-0.14112445712089539,1.5683348178863525,0.49285340309143066
mp-1200643,-5.567383574583331,-0.11594360321760178,1.0551114082336426,0.3528188467025757
mp-1214331,-6.9345277985416685,-0.14476968348026276,0.8248967528343201,0.205062597990036
mp-1215072,-6.759870895625,-0.10562832653522491,1.4577398300170898,0.34561747312545776
mp-703293,-4.461702905803571,-0.039835166186094284,1.477796196937561,0.24145475029945374
mp-1200380,-7.867267766517857,-0.07124260067939758,3.269975423812866,1.1877938508987427
mp-1211566,-6.7432940225,-0.28201618790626526,1.0798890590667725,1.2381566762924194
mp-601902,-7.170745162333334,-0.11960820853710175,1.396199345588684,0.3031338155269623
mp-695900,-5.444136472666667,-0.09084882587194443,1.1733849048614502,0.7332521080970764
mp-698440,-6.093038865555555,-0.1694888174533844,0.9885712265968323,0.31560149788856506
mp-1228969,-7.493262012333333,-0.12440724670886993,1.9833375215530396,0.15393608808517456
mp-1203356,-5.679919778437499,-0.17608757317066193,1.2107698917388916,0.7789514064788818
mp-1199273,-5.739981902500001,-0.05958319827914238,1.061821699142456,0.24153220653533936
mp-1215142,-6.704606193035716,-0.039315372705459595,3.0630998611450195,1.2406136989593506
mp-1197579,-7.552262945000001,-0.21987491846084595,2.208341598510742,0.5676077008247375
mp-1214060,-7.268349437037037,-0.13448087871074677,0.9720812439918518,0.83542400598526
mp-1225274,-6.671001713653848,-0.12834970653057098,1.1873680353164673,0.9235579967498779
mp-697108,-7.1592635278125,-0.22330068051815033,3.0983500480651855,3.816469192504883
mp-707466,-5.8563614140625,-0.09157086163759232,1.469896674156189,0.8205064535140991
mp-1248231,-6.171346936071429,-0.05465265363454819,1.5409890413284302,0.5026870369911194
mp-710380,-6.129472714910714,-0.054289840161800385,1.4908167123794556,0.3890000581741333
mp-643306,-6.298002270833334,-0.2616753876209259,0.9499155879020691,0.7892237901687622
mp-1217613,-4.625714701206896,-0.0792563408613205,2.452624559402466,0.2882492244243622
mp-1201024,-5.024202052236842,-0.06571800261735916,1.2509464025497437,0.16146273910999298
mp-1209817,-5.94119608875,-0.14773264527320862,1.3265842199325562,0.4139254689216614
mp-1195948,-6.367514610277777,-0.17627377808094025,1.2632514238357544,0.30124253034591675
mp-995217,-7.335725726,-0.34294962882995605,0.9378662705421448,5.222980499267578
mp-985782,-5.797383243333333,-0.4576512575149536,0.3651391565799713,3.729079484939575
mp-995206,-5.832636094374999,-0.36001527309417725,0.34960150718688965,1.4496821165084839
mp-28399,-6.755061322879466,-0.06771384924650192,0.9522677063941956,0.2255077064037323
mp-30094,-6.716779269750001,-0.167878195643425,0.6088825464248657,0.2850552201271057
mp-709098,-6.7574862422544655,-0.0507851243019104,1.3190007209777832,0.3707466423511505
mp-1212563,-7.2499382878125,-0.22359570860862732,1.39016592502594,1.0442782640457153
mp-23683,-5.969176556666668,-0.24569348990917206,0.5311821699142456,0.45750170946121216
mp-1096982,-6.130330527151786,-0.9567376971244812,0.46143653988838196,19.429845809936523
mp-644278,-6.390368378,-1.277182936668396,1.109866976737976,1.8472774028778076
mp-625082,-5.9764362625,-0.3656124174594879,0.5720046162605286,1.8778386116027832
mp-1214830,-6.162736248375,-0.195369690656662,1.0807034969329834,3.11972713470459
mp-1096984,-5.953876504375,-0.36788448691368103,0.4544450640678406,0.5637000203132629
mp-1181348,-6.3132461795,-0.31460005044937134,0.7548903226852417,0.6079035997390747
mp-558412,-6.3527212875,-0.3151857852935791,0.50142902135849,0.5955414175987244
mp-625104,-5.934443915499999,-0.2937454581260681,0.8634414076805115,1.1342698335647583
mp-625105,-5.9323564405,-0.29328855872154236,0.724734902381897,1.1834391355514526
mp-555711,-5.966406011750001,-0.0734344869852066,1.8421074151992798,5.199282169342041
mp-703527,-6.668394802250001,-0.1678730547428131,1.2623692750930786,1.2989184856414795
mp-1212626,-7.220716498214285,-0.12788359820842743,1.810246229171753,0.8122043609619141
mp-1001080,-6.663820256666667,-0.5532719492912292,1.3304443359375,7.2374587059021
mp-995226,-5.94583790375,-0.18375210464000702,0.7295436263084412,0.17452850937843323
mp-559232,-7.079595965555555,-0.1960718035697937,6.498226642608643,3.3668932914733887
mp-1228613,-6.016965151818183,-0.5418050289154053,0.7775464653968811,0.9180654287338257
mp-644226,-7.1253482995,-0.35587137937545776,0.6893274784088135,0.7506129145622253
mp-1079801,-6.42609914125,-0.8049800992012024,0.6744571328163147,8.4362211227417
mp-1049181,-6.571318719,-0.16414044797420502,2.5305774211883545,3.477597951889038
mp-1202876,-6.94713152525,-0.1728106588125229,1.086842656135559,0.6682612299919128
mp-1203662,-6.6205479415909085,-0.15022389590740204,2.0392682552337646,1.4091179370880127
mp-1203827,-6.986537966851851,-0.06458570063114166,1.5464837551116943,0.2705879807472229
mp-1210974,-7.000316462222222,-0.19100481271743774,1.3080761432647705,1.9577103853225708
mp-1211655,-6.882238299722222,-0.18802540004253387,2.110438108444214,5.232726573944092
mp-1212515,-7.51985358275,-0.18652835488319397,1.1645030975341797,1.7289292812347412
mp-23733,-6.477978208666666,-0.21503396332263947,0.3827907145023346,0.31151464581489563
mp-24332,-6.618380953035715,-0.11742304265499115,0.7049035429954529,0.4924178719520569
mp-504588,-6.15483002825,-0.15339288115501404,0.7441984415054321,0.4841763973236084
mp-555000,-6.849610721759259,-0.0631621703505516,0.8152898550033569,0.2061704844236374
mp-557581,-6.4646319826851855,-0.059486255049705505,0.815417468547821,0.20395299792289734
mp-557769,-7.156644349125,-0.08928433060646057,0.5952125191688538,0.2726605534553528
mp-558250,-7.276402599166666,-0.2040596455335617,3.516078472137451,4.0936808586120605
mp-601323,-7.146414062222222,-0.06706167757511139,3.7979979515075684,0.8709568977355957
mp-643934,-6.538876728888889,-0.3621649742126465,0.6529706716537476,0.3405151963233948
mp-696986,-6.156403938928571,-0.22042420506477356,0.57723069190979,0.5645508170127869
mp-698310,-5.2556181905,-0.13121259212493896,1.2812758684158325,0.5547642111778259
mp-698476,-6.826333069772727,-0.07747301459312439,3.114920139312744,3.9522151947021484
mp-1227120,-6.860242087916667,-0.28612205386161804,1.7954010963439941,6.653156757354736
mp-560832,-6.864239255972223,-0.09537622332572937,3.1856040954589844,6.738604545593262
mp-1204815,-6.577754034285714,-0.1578017920255661,1.3783562183380127,3.654330253601074
mp-1190598,-6.482314769545456,-0.2950328588485718,0.6234287023544312,1.1081233024597168
mp-1190751,-6.432096394090909,-0.29280737042427063,0.612209141254425,0.65471351146698
mp-1212734,-6.758998225,-0.37425529956817627,0.6149349808692932,1.7446314096450806
mp-1214914,-7.098444020666666,-0.23610934615135193,0.8467283248901367,0.6740381121635437
mp-1224461,-4.365787769500001,-0.213972806930542,0.366812139749527,0.3232620656490326
mp-1224462,-4.3654524005,-0.21390846371650696,0.36675772070884705,0.43404650688171387
mp-644265,-6.369065343333333,-0.17643378674983978,0.6610707640647888,0.884896457195282
mp-696298,-5.995869195500001,-0.2966638207435608,1.857232689857483,0.9256333708763123
mp-974667,-6.450441807727273,-0.29334327578544617,0.27397245168685913,1.0398287773132324
mp-1224447,-4.3633103465,-0.21361693739891052,0.672869861125946,0.578279972076416
mp-1197463,-6.712616043611111,-0.18608835339546204,0.8505667448043823,1.004196286201477
mp-1200465,-6.616306398928572,-0.11738145351409912,1.006137490272522,0.734104335308075
mp-1201866,-6.2588403705,-0.10371554642915726,3.321934700012207,6.63426399230957
mp-556478,-6.985777818888888,-0.1935490071773529,0.474122554063797,0.6032841801643372
mp-601226,-6.942641431944444,-0.19294990599155426,1.0024510622024536,0.9592375755310059
mp-690851,-7.000242461944444,-0.19387994706630707,0.8602117300033569,0.0770767480134964
mp-1205245,-5.2817922498,-0.0528850257396698,2.048764944076538,0.34340131282806396
mp-1215145,-7.476070605294118,-0.21911996603012085,0.7549677491188049,0.43361759185791016
mp-1228833,-6.376715576,-0.20751209557056427,3.4010801315307617,0.480286568403244
mp-600347,-8.1725318016,-0.16337698698043823,1.230255126953125,0.3776869773864746
mp-720808,-8.093638414404762,-0.09659895300865173,2.413658618927002,0.16856172680854797
mp-721193,-8.022460683984376,-0.06269069761037827,1.9661540985107422,0.553740918636322
mp-758103,-7.7652412325,-0.17606161534786224,0.9314670562744141,0.8341883420944214
mp-995221,-6.12599491375,-0.382996141910553,0.5501024127006531,0.5326109528541565
mp-1197697,-6.849767354490741,-0.031582143157720566,2.103525161743164,0.2836642265319824
mp-721312,-6.081459376944445,-0.16881674528121948,2.0267910957336426,6.921659469604492
mp-1222084,-8.203468472580646,-0.13157479465007782,0.6861482262611389,0.5553662776947021
mp-644256,-5.928373153928571,-0.2121303528547287,1.4996724128723145,1.1457440853118896
mp-1193268,-6.475938917,-0.21499918401241302,0.6987853050231934,0.8535794019699097
mp-709039,-6.461672429907407,-0.05947982519865036,1.803900957107544,0.4080945551395416
mp-1194908,-5.456483644705882,-0.15914428234100342,1.6313197612762451,0.3704547882080078
mp-1227189,-7.129607334000001,-0.35608500242233276,0.614683210849762,0.34957242012023926
mp-1181855,-7.280111144444444,-0.406902551651001,0.9544262290000916,3.0643484592437744
mp-1188709,-7.4939036705555555,-0.4162014424800873,1.9535304307937622,5.496745586395264
mp-1189378,-7.168278694444445,-0.3987106680870056,0.6841021180152893,1.5330703258514404
mp-558013,-7.434606249444444,-0.20567987859249115,0.42578452825546265,0.6448635458946228
mp-1201042,-6.562862562222222,-0.09071728587150574,0.9609750509262085,0.2460285723209381
mp-23685,-7.018804571388888,-0.09724485129117966,0.570675253868103,0.979101300239563
mp-601287,-6.422248784861111,-0.09001711010932922,1.945357084274292,0.8573304414749146
mp-655052,-6.445618555277778,-0.09011267870664597,1.805299162864685,1.10922372341156
mp-1209399,-6.873493274166666,-0.18839511275291443,0.9886161088943481,0.8120611906051636
mp-1213652,-6.8680803741666665,-0.18845239281654358,0.9909511804580688,0.8143490552902222
mp-707727,-7.118971827499999,-0.25395604968070984,0.6637787818908691,0.6788918972015381
mp-707849,-8.326262840192308,-0.05327000468969345,3.2197353839874268,0.2842490077018738
mp-698287,-7.739557228125,-0.12148202955722809,1.0998550653457642,0.10034729540348053
mp-1198214,-4.328262465,-0.08029651641845703,0.9224827289581299,0.25404414534568787
mp-1197098,-6.974440921944445,-0.19326648116111755,0.7369977235794067,0.5567783117294312
mp-560210,-7.013496663611111,-0.19434548914432526,0.3886953890323639,0.2601802349090576
mp-560511,-7.012960686388888,-0.19435688853263855,0.37215471267700195,0.4213753044605255
mp-2647033,-7.6028719815,-0.18879914283752441,1.9837223291397095,0.8199082016944885
mp-1201340,-6.408211703947368,-0.08497291058301926,1.852793574333191,1.2250429391860962
mp-734875,-5.207047011764707,-0.15240541100502014,0.8650947213172913,0.43111753463745117
mp-1190805,-7.4978167775,-0.31052538752555847,1.0493688583374023,0.787746012210846
mp-1190971,-7.255063189999999,-0.30254971981048584,1.42434823513031,1.9372023344039917
mp-1191082,-7.25786295125,-0.3029923737049103,1.4947974681854248,2.060246467590332
mp-1191399,-7.294289315833333,-0.30453619360923767,1.956173300743103,1.5334930419921875
mp-1191555,-8.089579572916668,-0.33524253964424133,0.8865616917610168,0.9406802654266357
mp-1191715,-7.260326315,-0.30305054783821106,1.5372037887573242,2.265745162963867
mp-644418,-6.335285241249999,-0.3957780599594116,1.5491644144058228,5.148801326751709
mp-760042,-7.462308205909091,-0.16907310485839844,0.547931432723999,0.796784520149231
mp-1192660,-5.331300469285714,-0.18946078419685364,0.477987676858902,0.6098894476890564
mp-727956,-7.133238555416666,-0.09852781891822815,1.3318113088607788,0.706589937210083
mp-1182554,-7.375082618076923,-0.14196178317070007,1.1139461994171143,0.5473437309265137
mp-1195353,-6.760293263571429,-0.12052398920059204,0.7913596034049988,0.2730694115161896
mp-1195487,-6.317698907037037,-0.1169462502002716,0.8296627998352051,0.7490367293357849
mp-1197929,-6.2829045175000005,-0.09881561994552612,1.6474789381027222,0.5022547841072083
mp-1198873,-7.260952265595238,-0.0878363698720932,2.5953781604766846,0.4759701192378998
mp-1200522,-7.470536715952381,-0.0884687751531601,0.8787742257118225,0.19179271161556244
mp-1200964,-6.282736229531251,-0.09872408211231232,1.5373797416687012,0.4690167009830475
mp-1201431,-4.535609704210526,-0.059547316282987595,1.0763449668884277,0.17683428525924683
mp-1202242,-7.004080774107143,-0.12481582909822464,1.1952519416809082,0.502007007598877
mp-1204151,-7.489309433095237,-0.08883389085531235,1.3836337327957153,0.37152865529060364
mp-1210269,-7.380474495178572,-0.13159650564193726,1.1609829664230347,0.9173855781555176
mp-1212361,-6.714694159107142,-0.12003234773874283,1.5137033462524414,0.36298084259033203
mp-1212674,-6.901108717236842,-0.09048067033290863,1.412451148033142,0.6048675775527954
mp-1215075,-6.524120356805556,-0.09029118716716766,1.1529796123504639,0.660790205001831
mp-23823,-7.184117099230769,-0.1375344693660736,0.6851198077201843,0.5242936015129089
mp-23838,-6.420375696923077,-0.12315477430820465,0.5346478223800659,0.18241430819034576
mp-510517,-7.493567549807692,-0.14358195662498474,0.6647438406944275,0.3006214499473572
mp-557603,-7.011029369666667,-0.11664123833179474,0.6188828349113464,0.1614452451467514
mp-559433,-6.595307981666666,-0.08855798095464706,1.2800487279891968,0.7621658444404602
mp-604909,-7.404824016875,-0.04622151702642441,0.9868178963661194,0.19063562154769897
mp-698360,-4.984137088833333,-0.08370964974164963,3.2602593898773193,0.8764016032218933
mp-728768,-7.3120903075,-0.05620801821351051,1.9321115016937256,0.4034474194049835
mp-736545,-5.245264454166667,-0.08713226765394211,1.9837353229522705,0.7673872709274292
mp-736665,-3.618995116666666,-0.07547516375780106,1.5783253908157349,0.5483481884002686
mp-740758,-8.191340318648649,-0.05522382631897926,2.99125075340271,0.5501993894577026
mp-758109,-7.7662734398076925,-0.149001345038414,0.6221603751182556,0.31672757863998413
mp-758128,-7.118041982678571,-0.12673786282539368,1.2816611528396606,0.7909359931945801
mp-758659,-6.757586277916666,-0.14005061984062195,1.0929677486419678,0.3992185592651367
mp-1179607,-5.541258793392857,-0.0967681035399437,2.119213819503784,0.5861557126045227
mp-1200440,-7.30788144275,-0.18291886150836945,0.9958682060241699,1.694210171699524
mp-1203196,-7.957396398043478,-0.17230118811130524,1.7372008562088013,0.5800086855888367
mp-1211417,-5.9654769590625,-0.18704836070537567,1.360082745552063,0.7188658118247986
mp-1192713,-5.548033192857142,-0.19740916788578033,1.0283161401748657,0.7344696521759033
mp-758632,-6.930231938518518,-0.12781523168087006,1.3042219877243042,1.1054024696350098
mp-560905,-7.610703217058822,-0.22345609962940216,0.5825047492980957,0.6524417400360107
mp-707792,-7.809958183636363,-0.05900188907980919,2.861710786819458,1.2684882879257202
mp-720807,-8.063835515106383,-0.08561213314533234,1.9620860815048218,0.5826781988143921
mp-1196868,-6.353345697699999,-0.06347691267728806,1.4178707599639893,0.5833391547203064
mp-1198291,-7.599805442857142,-0.13501344621181488,1.6749438047409058,1.1543500423431396
mp-1199323,-7.1618397737500015,-0.1282634288072586,1.517161250114441,0.09757251292467117
mp-1199367,-7.267999706666667,-0.12073956429958344,1.4958175420761108,0.7345865368843079
mp-1213613,-5.988959710952381,-0.07095418870449066,2.4206016063690186,0.6941323280334473
mp-699136,-6.7647741875000005,-0.337869256734848,0.3828199505805969,0.6431807279586792
mp-1199936,-6.207227860294118,-0.0902576893568039,1.2105116844177246,0.14214204251766205
mp-1207565,-6.246648560735294,-0.0907098650932312,0.7145346403121948,0.35322681069374084
mp-1197788,-7.857137525673076,-0.07530105859041214,1.2549571990966797,0.3185531497001648
mp-707277,-6.818140395694445,-0.09461161494255066,1.8448879718780518,0.8042831420898438
mp-707929,-7.44745645,-0.054377567023038864,1.3636482954025269,0.5505642890930176
mp-1193701,-5.750112651785714,-0.20595310628414154,0.8188177943229675,1.3862524032592773
mp-1194211,-5.3997079825,-0.19568872451782227,2.589778423309326,1.3159518241882324
mp-697981,-5.622306369833334,-0.09356752783060074,0.6917945146560669,0.29261934757232666
mp-644285,-6.7605645505,-0.3377533555030823,0.3564472496509552,0.6340809464454651
mp-644506,-6.7654336705,-0.33762919902801514,1.3792402744293213,8.59647274017334
mp-866657,-7.0097262659375,-0.2185080349445343,0.66599440574646,0.37466904520988464
mp-866806,-7.011009759375001,-0.2185046523809433,1.0710428953170776,0.4873269200325012
mp-1173102,-4.551816994833333,-0.07535986602306366,1.71945059299469,0.23322716355323792
mp-1200489,-4.650124778666666,-0.07682916522026062,0.8309434056282043,0.38796719908714294
mp-693432,-4.309438938666667,-0.07090961933135986,1.5999544858932495,0.681383490562439
mp-1194811,-7.179728596093749,-0.11178487539291382,1.3618403673171997,0.3628162443637848
mp-1195779,-6.878523688928571,-0.12239877134561539,0.9046691656112671,0.5304322838783264
mp-1196129,-7.308298131428572,-0.10442683100700378,1.5077311992645264,0.7283838391304016
mp-1196604,-7.071466794285714,-0.125637948513031,2.7602617740631104,1.402634859085083
mp-1197360,-7.477885956285714,-0.10657341778278351,1.315909504890442,0.7680898308753967
mp-1198602,-6.9615882228125,-0.10850109905004501,1.573022484779358,0.897234320640564
mp-1199113,-6.890885897678571,-0.12269216775894165,0.8945770859718323,0.5220460891723633
mp-1199285,-6.95215755328125,-0.10837070643901825,1.046441912651062,0.9498181343078613
mp-1199480,-7.12441676125,-0.11117878556251526,0.9284778833389282,0.45447322726249695
mp-1200033,-7.53070979375,-0.11730749905109406,1.450243353843689,0.6744792461395264
mp-1201099,-3.828558434910714,-0.034165456891059875,1.743619441986084,0.35622942447662354
mp-1201229,-5.615369944090909,-0.12741588056087494,1.1862478256225586,0.34688490629196167
mp-1202043,-7.09800557875,-0.1100011020898819,0.9911676049232483,0.4686199724674225
mp-1202938,-7.548026319285713,-0.1343519538640976,0.836979329586029,0.6545800566673279
mp-1203992,-6.9592738865625,-0.10843626409769058,1.2128876447677612,0.841174304485321
mp-1204475,-6.492902052916666,-0.13436086475849152,1.4568487405776978,0.7070518732070923
mp-1204537,-6.889751577142857,-0.12268760055303574,1.0545735359191895,0.6410282850265503
mp-1212205,-5.826008929375,-0.09086772054433823,2.1071488857269287,1.1043051481246948
mp-1212322,-7.7015356153125,-0.12012367695569992,0.8699446320533752,0.300613135099411
mp-1212621,-6.019149595833333,-0.12517355382442474,1.1664179563522339,0.8531209230422974
mp-1238260,-6.809762248571428,-0.060310788452625275,3.5014967918395996,1.0434293746948242
mp-601228,-5.151466319375,-0.10659787803888321,2.5110230445861816,0.8859348297119141
mp-605166,-7.1232864153125,-0.11117328703403473,0.904015839099884,0.7783145904541016
mp-699253,-5.893176367613637,-0.0670555830001831,1.514902114868164,0.44723421335220337
mp-774223,-5.195279981153846,-0.0501282624900341,2.0381805896759033,0.5566939115524292
mp-1197935,-5.966083731860465,-0.06811316311359406,2.6531448364257812,1.1592719554901123
mp-1229322,-7.044044808125,-0.11003295332193375,1.2894617319107056,0.5359421372413635
mp-723065,-5.913864326666666,-0.14097069203853607,0.7499915957450867,0.4014493227005005
mp-735584,-7.068278794722222,-0.09893175214529037,1.4188315868377686,1.240844488143921
mp-1196083,-6.823534670961539,-0.13159102201461792,1.0302757024765015,0.3770889937877655
mp-1196706,-5.340951356470589,-0.1572517454624176,1.697677731513977,0.6596353650093079
mp-1212169,-7.421537101296296,-0.13549987971782684,1.5164464712142944,0.5756401419639587
mp-1221113,-6.8717170425,-0.2440744787454605,0.8678781390190125,0.3983907997608185
mp-707443,-6.444929679999999,-0.21463173627853394,0.8840475082397461,0.7453336119651794
mp-690844,-5.023807426388888,-0.14520838856697083,2.2468223571777344,3.2623302936553955
mp-690698,-5.647171579642857,-0.20013971626758575,1.2895539999008179,0.6439986824989319
mp-1200387,-7.086310093846155,-0.06792829185724258,1.4404544830322266,0.7734274864196777
mp-1202889,-6.526213967788461,-0.06272093206644058,1.9962776899337769,0.3928360342979431
mp-601202,-5.706806028958333,-0.11856734752655029,0.5958488583564758,0.4047185480594635
mp-720719,-8.091077243888888,-0.0747801810503006,0.9582752585411072,0.23193839192390442
mp-722245,-5.984855704318182,-0.135703444480896,0.6224515438079834,0.31749168038368225
mp-690847,-5.61056784111111,-0.15610043704509735,1.080193042755127,0.30080801248550415
mp-1198212,-6.127390891557377,-0.05031958594918251,2.995513916015625,0.7714885473251343
mp-554761,-5.9803456240441175,-0.0439826175570488,0.7861781716346741,0.4527560770511627
mp-711343,-5.655375687499999,-0.033623598515987396,5.564419746398926,0.3098074197769165
mp-1212142,-5.830004239545454,-0.1313992142677307,0.756757915019989,1.1500273942947388
mp-643643,-5.991648480625,-0.1867433488368988,1.1142051219940186,0.7207922339439392
mp-698252,-6.5064347648,-0.06485386192798615,4.462737083435059,1.766626000404358
mp-1181214,-6.217355976785714,-0.22150811553001404,0.989381730556488,0.21500639617443085
mp-1181349,-6.204139743214285,-0.22150681912899017,0.746983528137207,0.7712510228157043
mp-1194227,-6.219606755714287,-0.22171898186206818,0.6708810329437256,0.8549869656562805
mp-1212579,-7.49703105795454,-0.08487500995397568,2.309966802597046,5.305012226104736
mp-554676,-5.814028665776787,-0.12300066649913788,0.47265541553497314,0.49127665162086487
mp-559204,-5.815225300776787,-0.12305710464715958,0.5111350417137146,0.3447573184967041
mp-1096983,-4.336038568,-0.8574116826057434,0.22961314022541046,0.01731237955391407
mp-1078197,-4.488575583,-0.448690265417099,0.29012319445610046,0.131841778755188
mp-1078233,-4.625037816000001,-0.46208858489990234,0.5389181971549988,0.4696362316608429
mp-1200055,-7.110495619281252,-0.11861157417297363,1.9053159952163696,0.5455644726753235
mp-1181198,-4.359877885,-0.21619388461112976,0.5255201458930969,0.5628122091293335
mp-1102469,-6.595698691818182,-0.5983149409294128,0.4047280251979828,0.49571093916893005
mp-1202487,-6.481271832954547,-0.14659234881401062,1.652896523475647,1.2389758825302124
mp-1191654,-5.006511074166666,-0.20902138948440552,1.0849127769470215,1.3334195613861084
mp-1194779,-6.550753368636364,-0.07437992095947266,2.3870925903320312,0.5051367282867432
mp-1199075,-5.532494008906252,-0.08637496829032898,1.5149825811386108,0.6282121539115906
mp-1199581,-5.490687984375,-0.17128273844718933,0.95573890209198,0.18760834634304047
mp-1208136,-7.394572669464286,-0.1313258707523346,1.856638789176941,0.6684767007827759
mp-23755,-7.110648483035715,-0.12672372162342072,0.7053547501564026,0.5356830954551697
mp-556083,-4.889764416833334,-0.08109592646360397,1.51484215259552,0.47392141819000244
mp-557528,-7.399646348461538,-0.14179059863090515,0.7512103319168091,0.3289128541946411
mp-559616,-6.872420522500001,-0.15658687055110931,0.6749039888381958,0.4365110993385315
mp-736390,-7.097116346249999,-0.1264825165271759,0.9489209055900574,1.0084348917007446
mp-759866,-4.123633605,-0.1285400241613388,0.5571312308311462,0.43579089641571045
mp-1212532,-6.761065340833333,-0.1863253116607666,0.7986252903938293,0.6428282856941223
mp-706559,-5.861137979464286,-0.1045566126704216,1.6231861114501953,0.7294254899024963
mp-23664,-7.439218441538462,-0.5699751377105713,0.3639144003391266,0.884458065032959
mp-23771,-7.315097108461538,-0.5599925518035889,0.3335076868534088,0.8586573004722595
mp-23837,-7.318781584615385,-0.5600438117980957,0.26552507281303406,0.7810842990875244
mp-642729,-7.353734260769229,-0.5630704164505005,0.660391628742218,0.5285978317260742
mp-642731,-7.378560603846154,-0.5653733611106873,0.31962069869041443,0.4269852936267853
mp-642991,-7.306928678461538,-0.5599783062934875,0.6912551522254944,1.2145919799804688
mp-642999,-7.2863848561538465,-0.5584121346473694,0.7319204211235046,1.2999053001403809
mp-570847,-7.5010820925,-0.4686012268066406,0.20909777283668518,0.8684629201889038
mp-1193413,-7.402289843461538,-0.2835458517074585,0.41008129715919495,1.2454689741134644
mp-1200352,-6.745257901282052,-0.08591490238904953,1.3733218908309937,0.8852697610855103
mp-1105386,-11.030034990625,-0.40073859691619873,2.42938494682312,8.940199851989746
mp-601817,-6.2200784,-0.2206469029188156,0.9900730848312378,1.0788750648498535
mp-1203534,-6.587149634038462,-0.12745656073093414,1.4268862009048462,1.0076512098312378
mp-726434,-7.430238207794118,-0.11027523130178452,1.888274908065796,2.5153472423553467
mp-1191449,-7.649147294090909,-0.3472376763820648,0.5375778675079346,0.6802935004234314
mp-1207864,-7.006318090000001,-0.34882378578186035,0.6933771967887878,0.5956953167915344
mp-643365,-6.171857249999999,-0.34292855858802795,0.5023081302642822,0.5294597148895264
mp-696174,-6.512160217272728,-0.2958538234233856,0.5552319884300232,0.9701123237609863
mp-730460,-6.623393547083332,-0.13763202726840973,2.0540595054626465,7.087285041809082
mp-738668,-6.346565047666667,-0.10532799363136292,0.9747697114944458,0.3642006516456604
mp-556503,-6.0147384159375,-0.18750661611557007,0.3978938162326813,0.2677032947540283
mp-1224588,-6.314022080357143,-0.22530901432037354,0.6813502907752991,0.6628260612487793
mp-1193968,-5.678988937500001,-0.20222268998622894,1.1999696493148804,0.9101400375366211
mp-1001112,-5.568802034479166,-0.059556201100349426,0.9268688559532166,0.2505376935005188
mp-1198088,-5.9058535475,-0.0652971863746643,1.0276899337768555,0.4482322335243225
mp-23682,-6.34608495775,-0.07901179045438766,0.6571691632270813,0.12381825596094131
mp-23688,-6.331647953749999,-0.07876251637935638,0.6597719788551331,0.18791906535625458
mp-1192496,-5.817775623571428,-0.20585229992866516,0.9288183450698853,1.7303482294082642
mp-1204987,-7.180180711,-0.08946620672941208,1.1712712049484253,0.5111415982246399
mp-1193570,-6.769185053846153,-0.26015588641166687,1.2520610094070435,0.521530270576477
mp-1222511,-7.144693352812499,-0.22366555035114288,0.9352126121520996,0.34232136607170105
mp-1191702,-5.852512405454544,-0.26585015654563904,0.6219993829727173,0.5595196485519409
mp-1195144,-5.164433245238094,-0.1226046085357666,1.0525102615356445,0.6888965964317322
mp-605374,-8.062970477083333,-0.16766606271266937,0.9980429410934448,0.6494154930114746
mp-1196577,-6.242165505729166,-0.06501362472772598,1.7505171298980713,0.6789294481277466
mp-1202931,-6.1019740903125,-0.04770033061504364,3.2071235179901123,4.695921421051025
mp-1211072,-7.70360127859375,-0.11779113113880157,1.5638000965118408,1.3256841897964478
mp-1212653,-6.5899370434,-0.06747275590896606,1.0176604986190796,0.1596318632364273
mp-24357,-5.690573178958334,-0.11836573481559753,0.48972374200820923,0.16453228890895844
mp-605052,-7.263054459166667,-0.12000411003828049,1.1564507484436035,0.9479808211326599
mp-644221,-4.895202229285714,-0.17495940625667572,0.6885547637939453,0.7341978549957275
mp-707364,-6.1071839959375,-0.06417480111122131,1.4789446592330933,0.6872329115867615
mp-707931,-7.9874570959375,-0.062195878475904465,2.5295002460479736,0.7721320986747742
mp-708066,-4.890655730151516,-0.036886073648929596,2.017102003097534,0.3297036588191986
mp-559039,-6.184088909814815,-0.11421824246644974,0.7420257329940796,0.1140795573592186
mp-1192422,-7.041514499285715,-0.2508922815322876,0.6265489459037781,0.40865612030029297
mp-1198041,-7.953135154218749,-0.1238664910197258,1.2685997486114502,0.7626848816871643
mp-738615,-5.180841555,-0.14314156770706177,0.6918159127235413,0.28296151757240295
mp-973926,-6.714891460357143,-0.24081167578697205,0.6187142729759216,0.7695690989494324
mp-1193315,-6.781612586071431,-0.24100913107395172,0.33747565746307373,0.5463262796401978
mp-1194650,-6.06888025,-0.19039185345172882,0.4752912223339081,0.764092206954956
mp-1195148,-7.053304509107143,-0.12542292475700378,0.9757839441299438,1.0518606901168823
mp-1179606,-4.9439603771875,-0.15695194900035858,3.5558505058288574,3.4942917823791504
mp-1191468,-7.675149278181819,-0.3466895818710327,0.6458744406700134,0.8190501928329468
mp-1203046,-6.216932175833334,-0.17220436036586761,1.337484359741211,1.015195608139038
mp-1203823,-6.794180056979166,-0.07060400396585464,1.4731367826461792,0.47717955708503723
mp-1210937,-6.535998372692308,-0.2513467073440552,1.859511375427246,1.1477924585342407
mp-1212328,-7.203933163142858,-0.10303210467100143,1.6376525163650513,0.9391161203384399
mp-1212587,-6.866411221666667,-0.18990784883499146,1.333508849143982,0.8705155253410339
mp-1212774,-7.024849471153846,-0.26951539516448975,1.8987061977386475,2.877232313156128
mp-555919,-5.391331376296296,-0.09994903951883316,0.688417911529541,0.5581189393997192
mp-698424,-4.903804150625,-0.15508142113685608,1.428662657737732,1.360676884651184
mp-707319,-7.6272361254,-0.15173135697841644,1.598780632019043,0.7545585632324219
mp-731160,-7.821986773709677,-0.12581220269203186,1.4242322444915771,0.13093456625938416
mp-759958,-4.841349841428571,-0.05725744739174843,1.1824504137039185,1.0444010496139526
mp-1204708,-6.2344853415,-0.15576252341270447,4.2662672996521,3.988752841949463
mp-604229,-6.136626791666667,-0.1700984686613083,2.2087182998657227,8.488212585449219
mp-722315,-6.122351365833333,-0.16999530792236328,1.284443974494934,0.7703092098236084
mp-1203255,-6.898063272941177,-0.20137149095535278,2.177293539047241,0.7596117258071899
mp-569084,-5.43995477875,-0.3381149172782898,0.32717952132225037,0.48861053586006165
mp-1221138,-6.777861935357143,-0.24084101617336273,0.6775993704795837,0.5103220343589783
mp-690653,-6.4826450495,-0.3177751898765564,0.8763001561164856,1.6575242280960083
mp-557366,-6.368332326428572,-0.11335104703903198,0.5933061242103577,0.6318891048431396
mp-1195275,-6.072209672343749,-0.09495922178030014,1.8653651475906372,0.654098391532898
mp-1197870,-5.38910497125,-0.0514424666762352,1.8736860752105713,0.2332630455493927
mp-1198885,-5.267205825958332,-0.021814774721860886,1.806054949760437,0.24877379834651947
mp-1204164,-6.09391090140625,-0.09535890817642212,2.169340133666992,4.4302897453308105
mp-1238590,-5.372924773365384,-0.05127951130270958,1.438066840171814,0.5299026966094971
mp-556951,-6.586413539090909,-0.07485117018222809,0.5704512596130371,0.2805790901184082
mp-1193294,-5.985116956071429,-0.21196947991847992,0.8808703422546387,0.3962898552417755
mp-1194166,-4.049819221428572,-0.14428165555000305,0.9251580238342285,0.6416793465614319
mp-1194496,-5.736800830714286,-0.2011934518814087,1.5673346519470215,1.447708010673523
mp-1232356,-4.772497413,-0.11975692212581635,2.7963480949401855,0.9431170225143433
mp-707771,-7.599170611538462,-0.0727650374174118,1.1777572631835938,0.555140495300293
mp-1196054,-6.901288967692308,-0.13237006962299347,1.0734349489212036,0.6415255665779114
mp-1197612,-6.865639747692308,-0.13169533014297485,1.0143895149230957,0.5802830457687378
mp-1202097,-6.866387868076923,-0.13160814344882965,0.891768753528595,0.37047079205513
mp-1202815,-7.1319841425,-0.13703957200050354,1.8793548345565796,0.26894626021385193
mp-1205073,-6.929739499615384,-0.13305316865444183,1.1102466583251953,1.2118993997573853
mp-1200235,-6.930553833653846,-0.13307791948318481,1.1503850221633911,0.8838693499565125
mp-1202500,-6.864712126153846,-0.13169370591640472,0.9050658345222473,0.5794438123703003
mp-1202833,-6.866047918461538,-0.13160860538482666,1.2012783288955688,0.713659942150116
mp-1203848,-6.901359418269231,-0.13237851858139038,0.9278658032417297,0.7810109853744507
mp-1220790,-6.78162734125,-0.21321381628513336,1.0371229648590088,0.8446207642555237
mp-1238486,-7.143443100624999,-0.22364313900470734,2.006690740585327,1.054566740989685
mp-698527,-5.916125690625,-0.18459445238113403,0.8240101337432861,0.7562054991722107
mp-1199835,-7.032994669166666,-0.09750773012638092,1.0430548191070557,0.4260168671607971
mp-1212156,-5.435284963333333,-0.15181024372577667,1.1429290771484375,0.6762194037437439
mp-561214,-4.234088447307692,-0.0816204696893692,1.018394112586975,0.386354923248291
mp-696990,-6.643934323750001,-0.11789417266845703,2.017333745956421,0.91852205991745
mp-765959,-7.023309194642857,-0.12503887712955475,1.4058562517166138,0.7210100293159485
mp-1195326,-5.347393750555556,-0.14912497997283936,1.1822096109390259,0.8094576597213745
mp-1199507,-5.542707741,-0.09188243001699448,0.6666229963302612,0.4718242287635803
mp-709432,-5.848589239861111,-0.04053688421845436,1.9582513570785522,0.16392457485198975
mp-1105350,-5.345643182222222,-0.29787370562553406,1.063873052597046,0.866260290145874
mp-697077,-5.2288330615625,-0.1626502424478531,0.6416282057762146,0.30340367555618286
mp-1199010,-6.453133987105263,-0.1695978045463562,1.3552474975585938,0.9339900016784668
mp-977011,-4.5449689625000005,-0.3813401758670807,0.8868454098701477,0.3462991714477539
